Estab de Internação;0a9 a;10a19 a;20a29a;30a39 a;40a49a;50a59a;60a69a;70a79a;80a89a;90a99a
2077531 A C CAMARGO CANCER CENTER;;;11;24;29;53;92;68;46;3
6271855 AES SANTANA;;;1;1;1;;1;;;
6771084 AES TATUAPE;;;;2;;1;;;;
6218830 AMA CAPAO REDONDO;;;;;;;2;;;
6143180 AMA ENGENHEIRO GOULART DR JOSE PIRES;;;;2;;;2;;;
6135730 AMA ERMELINO MATARAZZO ALIPIO CORREA NETTO;;;;1;;;;;;
6146295 AMA HOSPITAL IGNACIO PROENCA DE GOUVEA;;;1;1;3;6;3;1;1;
6146309 AMA HOSPITALAR DR CARMINO CARICCHIO;;;;1;1;;;;;
6148344 AMA JARDIM PERI;;;;2;4;;3;;;
6135927 AMA PARELHEIROS;2;;;;1;1;;;;1
5636469 AMA SE;;;;;;1;;1;;
2787474 AMA UBS INTEGRADA JARDIM ICARAI QUINTANA;;;;;;;;;1;
2077655 ASSOC AACD V CLEMENTINO;1;2;1;;;;;2;;
5607442 ASSOCIACAO HOSPITAL PERSONAL CUIDADOS ESPECIAIS;;;;1;1;2;11;13;13;7
9373306 ASSOCIACAO HOSPITALAR CONEGO DOMENICO RANGONI;1;;1;;;;;;1;
2200457 ASSOCIACAO MARIO PENNA - BELO HORIZONTE (MG);;;;;;1;;;;
2091399 ASSOCIACAO NOSSA SENHORA DO PARI;;1;;;;;;;1;1
6984649 BP HOSPITAL FILANTROPICO;2;;8;15;2;1;5;3;2;
6430120 BP MIRANTE;;;4;8;23;19;22;27;16;4
2382865 CAIS VALPARAISO II - VALPARAISO DE GOIAS (GO);;;;1;;;;;;
2127911 CASA DE CARIDADE DE OURO FINO - OURO FINO - MG;;;;;;;1;;;
2081946 CASA DE SAUDE;;;;;;1;1;1;;1
3008398 CASA DE SAUDE SANTOS;;;;1;;;;;2;
2271443 CASA DE SAUDE SAO JOSE;;;;;;;1;;;
6697054 CASU IRMA DENISE - CARATINGA (MG);;;;;;;1;1;;
2078287 CENTRO DE REFERENCIA DA SAUDE DA MULHER SAO PAULO;;;2;5;17;13;21;13;3;
2077957 CENTRO DE REFERENCIA E TREINAMENTO DSTAIDS SAO PAULO;;;;2;1;1;;;;
2084236 CENTRO ESP EM REABILITACAO DR ARNALDO PEZZUTI CAVALCANTI MOG;;;1;;2;;;;;
0008923 CENTRO HOSPITALAR DE SANTO ANDRE DR NEWTON DA COSTA BRANDAO;6;;1;2;4;5;19;20;7;
3001466 CENTRO HOSPITALAR DO SISTEMA PENITENCIARIO SAO PAULO;;;;2;1;;;;;
2191164 CENTRO MATERNO INFANTIL JUVENTINA PAULA DE JESUS - CONTAGEM (MG);1;;;;;;;;;
2079666 CENTRO MEDICO DE CAMPINAS;;;;;;1;1;;;
3464555 CENTRO MEDICO PMESP;;;8;35;104;89;42;32;15;3
9238735 CLINICA PREMIUM CARE FILIAL CAMPO BELO;;;;;;;;;2;1
7710569 CLINICA PREMIUM CARE FILIAL ITAIM;;;;;;1;3;1;;2
6032699 CLINICA PREMIUM CARE VILA OLIMPIA;;;;1;1;2;3;3;1;1
0015369 COMPLEXO HOSPITALAR DO TRABALHADOR - CURITIBA - PR;;;;;1;;;1;;
6998704 COMPLEXO HOSPITALAR DOS ESTIVADORES - SANTOS (SP);;;;;;3;;;;
2716097 COMPLEXO HOSPITALAR IRMA DULCE O S S;;;;;;1;1;2;1;
2082594 COMPLEXO HOSPITALAR MUNICIPAL;7;2;;;1;6;4;6;6;1
6625649 COMPLEXO HOSPITALAR OITO DE DEZEMBRO UNIDADE I;;;1;3;11;4;9;10;4;1
7013981 COMPLEXO HOSPITALAR OITO DE DEZEMBRO UNIDADE II;1;;;;;;;;;
2079410 COMPLEXO HOSPITALAR PADRE BENTO DE GUARULHOS;;;4;7;15;9;12;9;4;1
0026840 COMPLEXO HOSPITALAR SAO FRANCISCO - BELO HORIZONTE (MG);;;;1;;;;;;
0158119 COMPLEXO HOSPITALAR MUNICIPAL SOROCABANA;;2;9;21;36;57;83;45;26;4
2077574 CONJUNTO HOSPITALAR DO MANDAQUI SAO PAULO;210;36;43;60;80;123;167;145;90;29
2081695 CONJUNTO HOSPITALAR SOROCABA;;;1;;;;1;;;
2078627 DAY HOSPITAL DE ERMELINO MATARAZZO;1;6;29;55;81;57;23;13;8;1
9491252 DR RUBENS SAVASTANO HOSPITAL REGIONAL DE SAO JOSE DOS CAMPOS - SJC - SP;;;;1;;4;2;4;;1
2080001 FAMILY HOSPITAL;;;2;;1;6;;2;3;
2105365 FUNDACAO HOSPITALAR DO MUNICIPIO DE ESPINOSA;;;;;;;;;1;
2090236 FUNDACAO PIO XII - BARRETOS (SP);;;;2;1;;1;1;;
2001586 FUNDHACRE - RIO BRANCO (AC);;;;;;;;1;;
9946179 GREEN LINE SISTEMA DE SAUDE - OSASCO (SP);;;;;;;1;;;
2078015 HC DA FMUSP HOSPITAL DAS CLINICAS SAO PAULO;121;74;169;293;407;632;803;651;312;70
2402084 HCC HOSPITAL DE CLINICA DE CONQUISTA (VITORIA DA CONQUISTA - BA);;;;;1;1;;;;
2786435 HCSVP HOSPITAL SAO VICENTE;;;3;;1;1;;1;;
3654826 HDT - HOSPITAL DE DOEN€AS TROPICAIS DO TOCANTINS;;;;1;;;;;;
2139049 HEFA;;;;;;1;;;;
2079089 HOSP 9 DE JULHO;5;;18;41;51;115;110;106;132;49
2082314 HOSP ALBERT SABIN;;8;35;55;82;89;44;35;31;15
2089238 HOSP ALVORADA;141;56;75;147;215;196;169;168;134;57
2078481 HOSP AVICCENA;;17;132;199;219;150;75;71;64;17
2078600 HOSP DA AERONAUTICA DE SPHASP;;;;2;4;3;7;2;7;8
2075962 HOSP DA STA CASA DE STO AMARO;1;;7;15;26;43;52;41;46;23
0027049 HOSP DAS CLINICAS DA UNIV FED DE MINAS GERAIS EBSERH;;;;;;;1;;;
3019012 HOSP DE CLINICAS J HELENA;5;4;17;20;18;26;17;25;6;1
2088576 HOSP DE TRANSPLANT DO EST DE SP EURYCLIDES DE JESUS ZERBINI;;;14;9;15;24;39;27;13;3
2058502 HOSP DO SERV PUB EST FCO MORATO DE OLIVEIRA SAO PAULO;48;37;17;40;105;311;452;515;409;128
2752077 HOSP DO SERV PUB MUNICIPAL HSPM;30;10;16;34;52;96;112;97;45;8
2077469 HOSP DOM ANTONIO DE ALVARENGA;;1;8;24;20;35;32;57;38;19
2080230 HOSP E MAT MENINO JESUS;1;;;;;;;;;
5174465 HOSP E MATERNIDADE DO BRAZ;3;1;;1;2;3;3;2;2;
2089610 HOSP EDMUNDO VASCONCELOS;25;8;18;64;66;62;46;44;34;15
2078007 HOSP GERAL DE SAO PAULO;;;;2;;7;5;18;15;11
2089653 HOSP IGUATEMI;;3;16;43;85;87;61;46;32;10
2078406 HOSP INDEPENDENCIA;15;4;30;50;40;16;12;10;5;3
2089564 HOSP MAT 8 DE MAIO;2;;2;4;6;12;3;4;2;
2680785 HOSP MAT ALVORADA STO AMARO;28;6;12;20;31;36;22;21;13;5
2089602 HOSP MAT DO SEPACO;43;12;41;72;55;48;68;62;79;30
2080796 HOSP MAT SAO CRISTOVAO;3;1;3;16;20;20;23;41;59;24
2079542 HOSP MAT STA JOANA;2;;1;3;1;;;;;
2078589 HOSP MAT STA MARIA-CRUZ AZUL;103;27;26;42;89;145;115;241;225;73
3045625 HOSP MAT VIDAS;48;20;43;106;181;170;99;44;23;6
5420938 HOSP MUN CARMEN PRUDENTE;176;40;50;80;105;156;212;165;64;19
7473702 HOSP MUN DE MOGI DAS CRUZES PREF WALDEMAR COSTA FILHO;;;3;3;14;12;10;6;2;4
2084139 HOSP MUN DR BENEDICTO MONTENEGRO;7;3;19;39;61;86;93;74;62;21
2080346 HOSP MUN DR CARMINO CARICCHIO;59;13;34;76;98;180;185;155;113;33
2084473 HOSP MUN DR IGNACIO PROENCA DE GOUVEA;32;9;48;90;145;187;226;161;98;28
2077450 HOSP MUN DR JOSE SOARES HUNGRIA;18;17;22;45;89;110;160;126;81;25
2786680 HOSP MUN FERNANDO MAURO PIRES DA ROCHA;144;27;25;25;20;42;40;41;29;6
7711980 HOSP MUN GILSON DE CASSIA MARQUES DE CARVALHO;22;6;11;16;19;46;77;59;19;3
2078325 HOSP MUN INFANTIL MENINO JESUS;4;3;;;;;;;;
2081970 HOSP MUN JABAQUARA ARTUR RIBEIRO DE SABOYA;132;15;29;53;93;112;120;113;83;22
9465464 HOSP MUN JOSANIAS CASTANHA BRAGA;1;4;46;119;179;241;371;256;177;42
5718368 HOSP MUN M BOI MIRIM;252;40;84;154;281;366;443;372;190;45
2079186 HOSP MUN MAT ESC DR MARIO DE MORAES A SILVA;8;13;53;25;5;2;2;;;
2075717 HOSP MUN MATERNIDADE PROFESSOR MARIO DEGNI;19;6;8;13;16;15;13;11;11;2
2077639 HOSP MUN PROF DR WALDOMIRO DE PAULA;10;15;54;103;146;181;253;242;151;34
2082829 HOSP MUN PROFESSOR DOUTOR ALIPIO CORREA NETTO;43;14;17;26;37;44;65;55;43;15
2080583 HOSP MUN TIDE SETUBAL;121;39;106;183;256;299;386;299;173;51
2080788 HOSP MUN V NHOCUNE ALEXANDRE ZAIO;7;6;11;25;34;55;79;98;75;26
3212130 HOSP MUN VER JOSE STOROPOLLI;85;16;47;75;98;149;143;126;80;28
2563460 HOSP MUNIC DONA MARIA MUNIZ;;;;;;1;;;;
2082861 HOSP MUNICIPAL DE URGENCIAS HMU;;;2;1;4;5;3;3;4;
2089599 HOSP NSRA DE LOURDES;32;47;241;462;409;272;145;107;74;42
2084376 HOSP PAULISTANO;;3;14;23;30;33;57;58;38;17
2077604 HOSP PRESIDENTE;17;30;212;189;126;71;30;35;15;10
2080818 HOSP SAMARITANO;11;9;17;58;111;124;103;90;65;30
5907594 HOSP SAO LUIZ ANALIA FRANCO;12;;10;37;47;48;37;22;33;9
2076896 HOSP SAO LUIZ GONZAGA;96;10;12;17;15;28;36;38;26;2
2688611 HOSP SAO LUIZUNIDADE I;7;4;25;62;29;46;32;32;19;8
2079127 HOSP SIRIO LIBANES;2;;11;58;97;136;157;174;196;119
2688603 HOSP STA CATARINA;129;39;112;304;323;339;264;183;174;94
2082624 HOSP STA CRUZ;;1;18;35;70;96;88;97;93;34
2078597 HOSP STA HELENA;;1;9;34;51;69;48;46;47;19
2084341 HOSP STA MAGGIORE;;;;;;;3;4;3;1
2077477 HOSP STA MARCELINA SAO PAULO;281;106;233;473;619;616;605;494;294;53
2082535 HOSP STA RITA;;1;1;;1;2;1;3;;
2078457 HOSP STA VIRGINIA;;1;22;64;97;122;91;61;47;24
7060165 HOSPITAL A C CAMARGO TAMANDARE;4;6;4;4;12;18;26;21;4;1
6832725 HOSPITAL ABC UNIDADE AVANCADA PRESTES MAIA;;;;;1;1;;;;
3166597 HOSPITAL ADVENTISTA DE SAO PAULO;;;1;;4;9;29;51;58;21
0000418 HOSPITAL AGAMENON MAGALHAES;;;;;;;;2;;
2081865 HOSPITAL ALBERT SABIN ATIBAIA;;;;;;1;;1;1;
2389746 HOSPITAL ALIANCA;;;;1;;;;;;
2083191 HOSPITAL ALPHA MED CARAPICUIBA;;;2;;;;;;;
2793466 HOSPITAL ALVORADA JACAREI - JACAREI (SP);;;;;;1;;;1;
2690764 HOSPITAL AMERICA;3;;2;2;1;1;2;;;
2077388 HOSPITAL AMPARO MATERNAL;2;4;10;3;;;;;;
2025760 HOSPITAL ANA COSTA DE SANTOS;;;;;1;;2;2;3;1
2025361 HOSPITAL ANCHIETA;;;;1;;;;;;
0013633 HOSPITAL ANGELINA CARON;;;;2;;;;;;
3024660 HOSPITAL ASSUNCAO;;1;;1;1;4;2;;;
2097117 HOSPITAL AUSTA SAO JOSE DO RIO PRETO;;;;;1;;1;;2;
2077507 HOSPITAL BANDEIRANTES;12;3;69;137;129;120;173;195;226;101
7458940 HOSPITAL BARRA DOR;;;;1;;;;;;
2084090 HOSPITAL BARTIRA;2;1;13;43;36;27;10;9;9;1
3003361 HOSPITAL BENEFICENCIA PORTUGUESA DE BAURU;;;;;1;;;;1;
2521296 HOSPITAL BETHESDA - JOINVILLE (SC);;;;;;;1;;;
2718324 HOSPITAL BOM CLIMA;1;;;2;2;1;3;4;2;
2590727 HOSPITAL BOM JESUS - IVAIPORA (PR);;;;;;1;;;;
3309959 HOSPITAL BOSQUE DA SAUDE;12;5;16;48;83;79;65;28;42;12
2080575 HOSPITAL BP;48;14;56;174;184;231;289;245;186;73
2081628 HOSPITAL CARLOS CHAGAS;30;4;11;21;24;13;14;13;19;2
9214763 HOSPITAL CASA SAO BERNARDO - RIO DE JANEIRO (RJ);;;;;;;;;1;
2091801 HOSPITAL CENTRAL DE GUAIANASES;28;18;67;128;92;85;26;9;10;
3005992 HOSPITAL COPA DOR;;;;;;;;1;;
9065946 HOSPITAL COPA STAR - RIO DE JANEIRO (RJ);;;;;1;;;1;;
2078988 HOSPITAL CORACAO DE JESUS;;;;;;;;2;;
2079887 HOSPITAL CRUZEIRO DO SUL;10;3;2;14;30;53;38;19;17;10
2611686 HOSPITAL CURA DARS - FORTALEZA (CE);;;1;;1;;;;;
2080168 HOSPITAL DA CRIANCA;307;55;;;1;;;;;
2080494 HOSPITAL DA CRUZ VERMELHA BRASILEIRA DO ESTADO DE SAO;;1;3;10;25;29;41;30;17;7
3367371 HOSPITAL DA LUZ;87;10;21;73;89;115;76;39;29;8
6020917 HOSPITAL DA MULHER MARIA JOSE DOS SANTOS STEIN;;1;1;1;;;;;;
2558610 HOSPITAL DA SIAS - FATIMA DO SUL (MS);;;;1;;;;;;
6451098 HOSPITAL DALILA FERREIRA BARBOSA - ARUJA (SP);;;;;1;1;;;;
9335951 HOSPITAL DAS ACACIAS - SANTO ANDRE (SP);;;;;1;1;2;2;5;2
2127989 HOSPITAL DAS CLIN SAMUEL LIBANIO POUSO ALEGRE;;;;;;;;2;;1
2748223 HOSPITAL DAS CLINICAS DA FACULDADE DE MEDICINA DE BOTUCATU;;;1;;1;1;2;1;;
2079798 HOSPITAL DAS CLINICAS DA UNICAMP DE CAMPINAS;;;;1;1;1;;;1;
2025507 HOSPITAL DAS CLINICAS HCFAMEMA - MARILIA (SP);;;;1;;1;;;;
2080680 HOSPITAL DAS CLINICAS LUZIA DE PINHO MELO MOGI DAS CRUZES;1;1;1;4;4;8;8;7;1;1
2077396 HOSPITAL DE BASE DE SAO JOSE DO RIO PRETO;;;;2;1;2;4;1;1;2
2134292 HOSPITAL DE BERILO - BERILO - MG;;;;;1;;;;;
2819279 HOSPITAL DE BOA VIAGEM - RECIFE (PE);;;;;;;;1;;
0102091 HOSPITAL DE CAMPANHA COVID 19 C DE AFECCOES RESPIRATORIAS - ARIQUEMES (RO);;;;;1;;;;;
0102172 HOSPTIAL DE CAMPANHA COVID 19 CENTRO DE COMBATE AO CORONA;;;;1;7;4;4;8;;
0115509 HOSPITAL DE CAMPANHA COVID 19 DE MAIRIPORA - MAIRIPORA - SP;;;;2;3;3;3;1;6;1
0127604 HOSPITAL DE CAMPANHA COVID 19 JARDIM PAULISTA - BARUERI (SP);;;;2;;;1;;1;
0105597 HOSPITAL DE CAMPANHA COVID 19 OSASCO - OSASCO - SP;;;1;;;11;5;3;;
0105856 HOSPITAL DE CAMPANHA COVID 19 SER - TABOAO DA SERRA - SP;;;3;3;7;4;7;5;1;
0113123 HOSPITAL DE CAMPANHA COVID 19 SMS SP ANHEMBI P 35;;1;15;28;45;62;69;30;7;
0102083 HOSPITAL DE CAMPANHA COVID 19 SMS SP ANHEMBI P 38;1;5;102;211;378;487;418;226;63;7
0102040 HOSPITAL DE CAMPANHA COVID 19 SMS SP PACAEMBU;;;5;31;61;68;66;28;5;1
0101826 HOSPITAL DE CAMPANHA DO RECIFE HPR I AURORA - RECIFE (PE);;;;;;;;1;;
0112062 HOSPITAL DE CAMPANHA RIBEIRAO PIRES - RIBEIRAO PIRES - SP;;;1;;;;;;;
6817203 HOSPITAL DE CLINICAS CAIEIRAS;2;;1;3;2;4;1;4;1;1
2087219 HOSPITAL DE CLINICAS CAMPO LIMPO PAULISTA;;;;;;1;;;;
2765934 HOSPITAL DE CLINICAS DE SAO SEBASTIAO;;;;;;2;;;;
2082349 HOSPITAL DE CLINICAS DR RADAMES NARDINI;3;;;1;1;3;;;;
3014681 HOSPITAL DE CLINICAS MARIO LIONI - DUQUE DE CAXIAS (RJ);;;;;;1;;;;
7373465 HOSPITAL DE CLINICAS MUNICIPAL;3;;;;2;1;4;;1;1
0026417 HOSPITAL DE CLINICAS SUL;;;;;;;;;1;
2167727 HOSPITAL DE GIMIRIM - POCO FUNDO (MG);;;1;;;;;;;
6136028 HOSPITAL DIA DA REDE HORA CERTA ITAIM PAULISTA;;;;;;;1;;;
6998194 HOSPITAL DIA DA REDE HORA CERTA LAPA;;;;;;1;1;;;
2091658 HOSPITAL DIA DA REDE HORA CERTA M BOI MIRIM I;;;;1;;;;;;
2751976 HOSPITAL DIA DA REDE HORA CERTA SAO MIGUEL TITO LOPES;;;;;1;;;;;
7992890 HOSPITAL DIA REDE HORA CERTA DA CAPELA DO SOCORRO;;3;30;67;125;126;136;65;28;8
2081288 HOSPITAL DO CORACAO;1;3;14;51;83;123;152;143;88;35
2758083 HOSPITAL DO CORACAO DE LONDRINA - LONDRINA - PR;;;;;;1;;;;
2080761 HOSPITAL DO CORACAO DO IMC - SAO JOSE DO RIO PRETO (SP);;;1;;;;1;;1;
7758391 HOSPITAL DO CORACAO UNIDADE BELA SUICA - LONDRINA (PR);1;;;;;;;;;
2089785 HOSPITAL DO RIM E HIPERTENSAO;;;;1;4;6;8;2;;
0013846 HOSPITAL DO ROCIO - CAMPO LARGO - PR;;;;;;1;;1;;
2472937 HOSPITAL DO VALE DO ARAGUAIA - AGUA BOA (MT);;;;;1;;;;;
2755130 HOSPITAL DOMINGOS LEONARDO CERAVOLO PRESIDENTE PRUDENTE;1;;;;;;;;;
2087057 HOSPITAL DOS FORNECEDORES DE CANA DE PIRACICABA;;;;1;1;;;;;
2577763 HOSPITAL DOUTOR EULALINO IGNACIO DE ANDRADE HZS - LONDRINA - PR;;;;;;;1;;1;
3139050 HOSPITAL DR LEO ORSI BERNARDES ITAPETININGA;;;;;;;;1;;
2077434 HOSPITAL DR LEOPOLDO BEVILACQUA;;;1;;;1;1;2;;1
2080079 HOSPITAL DR OSIRIS FLORINDO COELHO FERRAZ DE VASCONCELOS;3;;;7;4;9;11;8;4;
2080133 HOSPITAL E MATERNIDADE BENEFICENCIA PORTUGUESA;;;;;3;1;;;1;
2789590 HOSPITAL E MATERNIDADE BRASIL;8;3;2;11;16;15;11;7;10;2
2082128 HOSPITAL E MATERNIDADE CELSO PIERRO;;;;;;;1;;;
2080613 HOSPITAL E MATERNIDADE CENTRAL SAO CAETANO DE SUL;;;2;6;6;6;6;7;1;1
2079607 HOSPITAL E MATERNIDADE DR CHRISTOVAO DA GAMA;11;;1;;6;7;18;26;40;16
9255826 HOSPITAL E MATERNIDADE GUARULHOS;7;;4;16;37;19;20;8;5;
6938876 HOSPITAL E MATERNIDADE INTERMEDICA ABC;1;4;38;111;206;201;177;87;50;22
2077701 HOSPITAL E MATERNIDADE LEONOR MENDES DE BARROS SAO PAULO;2;1;2;5;1;;;;;
2078678 HOSPITAL E MATERNIDADE MADRE THEODORA;;;;;;4;;;;
2086336 HOSPITAL E MATERNIDADE MAIRIPORA;;;;;;1;2;6;2;
2522691 HOSPITAL E MATERNIDADE MARIETA KONDER BORNHAUSEN;;;;1;;;;;;
2078082 HOSPITAL E MATERNIDADE METROPOLITANO;33;14;31;78;105;92;63;43;35;12
2072513 HOSPITAL E MATERNIDADE MUNICIPAL SANTA ANA;;;;1;1;;;1;1;1
2746387 HOSPITAL E MATERNIDADE NOVA VIDA;;;;1;;1;;1;;
2080753 HOSPITAL E MATERNIDADE SAO JOAQUIM - FRANCA (SP);;;;2;;;;;;
2098547 HOSPITAL E MATERNIDADE SÇO JOSE - FRUTAL (MG);;;;;;;;1;;
2127881 HOSPITAL E MATERNIDADE SAO LUCAS DE EXTREMA (EXTREMA - MG);;;;1;1;2;1;1;;
2078619 HOSPITAL E MATERNIDADE SAO MIGUEL;;;;2;4;7;4;3;1;
2069776 HOSPITAL E PRONTO SOCORRO CENTRAL;3;2;4;11;11;5;9;18;4;2
2823209 HOSPITAL E PRONTO SOCORRO PORTINARI;12;;8;34;45;46;27;15;6;4
2181770 HOSPITAL EDUARDO DE MENEZES;;;;1;;;;;;
2096196 HOSPITAL ENF ANTONIO POLICARPO DE OLIVEIRA;1;1;1;1;5;4;2;5;1;3
2089335 HOSPITAL ESCOLA EMILIO CARLOS - CATANDUVA (SP);;;;;;;;1;;
0106526 HOSPITAL ESPANHOL - SALVADOR (BA);;;;;;1;;;;
2355906 HOSPITAL ESPERANCA SA - RECIFE (PE);;;1;;;;;;;
6164366 HOSPITAL ESTADUAL AMERICO BRASILIENSE - AMERICO BRASILIENSE (SP);;;;;1;;;;1;
2790602 HOSPITAL ESTADUAL BAURU;;;;;1;;;1;;
6602533 HOSPITAL ESTADUAL DA CRIANCA;1;;;;;;;;;
0127876 HOSPITAL ESTADUAL DE CAMPANHA COVID 19 BARRADAS;;2;11;28;53;75;87;71;24;1
0127868 HOSPITAL ESTADUAL DE CAMPANHA COVID 19 IBIRAPUERA;1;1;15;65;101;111;127;54;19;
2084163 HOSPITAL ESTADUAL DE DIADEMA HOSPITAL SERRARIA;19;4;1;14;7;11;10;7;5;1
2091585 HOSPITAL ESTADUAL DE SAPOPEMBA SAO PAULO;34;12;34;44;33;86;125;154;141;36
2077426 HOSPITAL ESTADUAL DE VILA ALPINA ORG SOCIAL SECONCI SAO PAUL;307;34;78;91;144;210;342;333;265;70
6878687 HOSPITAL ESTADUAL DR ALBANO DA FRANCA ROCHA SOBRINHO;;;1;;1;3;3;1;;
7257406 HOSPITAL ESTADUAL DR JAYME SANTOS NEVES - SERRA (ES);;;;;;;;2;;
2080273 HOSPITAL ESTADUAL MARIO COVAS DE SANTO ANDRE;;;;1;3;8;17;13;3;
3028399 HOSPITAL ESTADUAL PROF CARLOS DA SILVA LACAZ FCO MORATO;1;;;;2;2;4;1;1;1
2081644 HOSPITAL FREI GALVAO;1;;;;;1;;1;;
2081636 HOSPITAL FREI GALVAO - SANTOS (SP);;;;;1;;;;;
2223538 HOSPITAL GERAL - CAXIAS DO SUL (RS);;;;;;;;1;;
2794136 HOSPITAL GERAL DE CAMBUQUIRA - CAMBUQUIRA (MG);;;;;;;;1;;
2792168 HOSPITAL GERAL DE CARAPICUIBA;;;;;;1;1;;;
2080338 HOSPITAL GERAL DE GUARULHOS PROF DR WALDEMAR DE CARVALHO;2;1;2;2;9;11;10;9;7;3
2792176 HOSPITAL GERAL DE ITAPECERICA DA SERRA;25;4;9;13;24;29;49;26;17;3
2078104 HOSPITAL GERAL DE ITAPEVI;1;;;;2;;2;1;;
2078562 HOSPITAL GERAL DE ITAQUAQUECETUBA;;1;4;5;7;6;14;9;4;1
2066092 HOSPITAL GERAL DE PEDREIRA;136;33;69;146;245;362;430;363;200;60
2077493 HOSPITAL GERAL DE SAO MATEUS SAO PAULO;111;22;23;50;64;93;85;76;47;18
2688573 HOSPITAL GERAL DE VILA NOVA CACHOEIRINHA SAO PAULO;119;24;18;67;121;168;213;161;97;41
2091755 HOSPITAL GERAL DE VILA PENTEADO DR JOSE PANGELLA SAO PAULO;;15;67;104;166;236;339;253;170;55
2402076 HOSPITAL GERAL DE VITORIA DA CONQUISTA;;;;;;2;;1;;
2077671 HOSPITAL GERAL DO GRAJAU PROF LIBER JOHN ALPHONSE DI DIO SP;260;39;32;72;88;100;129;141;94;25
0004073 HOSPITAL GERAL ERNESTO SIMOES FILHO;;;;;;;1;;;
2079240 HOSPITAL GERAL JESUS TEIXEIRA DA COSTA GUAIANASES SAO PAULO;10;8;42;80;122;183;192;171;125;35
2079828 HOSPITAL GERAL PIRAJUSSARA TABOAO DA SERRA;4;;2;3;1;4;3;5;1;
2400693 HOSPITAL GERAL PRADO VALADARES;;;;;1;;;;;
2077620 HOSPITAL GERAL SANTA MARCELINA DE ITAIM PAULISTA SAO PAULO;88;28;35;83;93;106;140;114;86;17
2688581 HOSPITAL GERIATRICO E DE CONVALESCENTES D PEDRO II;;;;;;;1;;1;
2726971 HOSPITAL GETULIO VARGAS - TERESINA (PI);;;;;1;;;;;
2089696 HOSPITAL GRAACC INSTITUTO DE ONCOLOGIA PEDIATRICA IOP;24;23;2;;;;;;;
7894260 HOSPITAL GUARUJA - GUARUJA - SP;;;;;;;;1;2;1
2079720 HOSPITAL GUILHERME ALVARO SANTOS;;;;;1;;1;2;;
2066572 HOSPITAL HELIOPOLIS UNIDADE DE GESTAO ASSISTENCIAL I SP;;1;8;18;30;49;59;55;24;6
2761319 HOSPITAL HUMANITAS UNIMED;;;;;;;1;;;
2084333 HOSPITAL IGESP;;4;33;69;100;118;126;173;193;93
2080400 HOSPITAL IMACULADA CONCEICAO - RIBEIRAO PRETO (SP);;;;;;;1;;;
3160408 HOSPITAL INC;;;;;;;;;1;
2097613 HOSPITAL INFANTE D HENRIQUE;;;;1;;;1;;;
2088517 HOSPITAL INFANTIL CANDIDO FONTOURA SAO PAULO;137;13;;;;;;;;
2071371 HOSPITAL INFANTIL DARCY VARGAS UGA III SAO PAULO;25;4;;;;;;;;
6614426 HOSPITAL INFANTIL SABARA;71;7;;;;;;;;
2784882 HOSPITAL IPIRANGA DE MOGI DAS CRUZES;2;1;;3;3;6;4;;4;
2022648 HOSPITAL IRMAOS PENTEADO E SANTA CASA DE CAMPINAS;;;;;;;;;;1
2058391 HOSPITAL ISRAELITA ALBERT EINSTEIN;89;14;31;102;198;202;184;205;178;92
2082225 HOSPITAL KATIA DE SOUZA RODRIGUES TAIPASSP SAO PAULO;95;15;33;65;91;129;153;121;87;30
6283993 HOSPITAL LEFORTE;92;21;55;130;103;91;67;47;48;15
2079011 HOSPITAL LEITO IRMA ANETTE MARLENE FERNANDES DE MELLO;;;;;2;;5;2;2;2
3753433 HOSPITAL LEONOR MENDES DE BARROS;;;;;1;1;;;;
2532190 HOSPITAL MADRE REGINA PROTMANN - SANTA TERESA (ES);;;1;;;;;;;
6878318 HOSPITAL MARCELINO CHAMPAGNAT;;;;;;;1;;;
2205440 HOSPITAL MARCIO CUNHA;;;;1;;;;;1;
0000566 HOSPITAL MARIA LUCINDA - RECIFE (PE);;;;;1;;;;;
2065665 HOSPITAL MATERNIDADE INTERLAGOS;5;4;13;8;1;;;;;
2040069 HOSPITAL MATERNIDADE JESUS JOSE E MARIA;;;;1;;;;;;
2564211 HOSPITAL MATERNIDADE SAO VICENTE DE PAULA - BARBALHA (CE);;;;;;;;;1;
2004976 HOSPITAL MEMORIAL DJACY BARBOSA - ARAPIRACA - AL;;;;;;1;;;;
9467718 HOSPITAL METROPOLITANO DOM JOSE MARIA PIRES - SANTA RITA - PB;;;;1;;;;;;
2591049 HOSPITAL MINISTRO COSTA CAVALCANTI;;;;;;;;;1;
2082101 HOSPITAL MODELO SOROCABA;;1;;;;;;;;
3006522 HOSPITAL MOINHOS DE VENTO - PORTO ALEGRE (RS);;;;1;;1;;;;
6148956 HOSPITAL MONTEMAGNO;;;;1;;;;;;
7644167 HOSPITAL MORIAH;;;10;21;30;22;9;7;2;
2222043 HOSPITAL MUNICIPAL;;;;;1;1;;1;;
2101777 HOSPITAL MUNICIPAL ANTONIO CARNEIRO VALADARES;;;;;;1;;;;
0008028 HOSPITAL MUNICIPAL ANTONIO GIGLIO;7;;1;9;6;10;9;13;3;1
0102075 HOSPITAL MUNICIPAL BELA VISTA;;5;33;93;179;237;338;291;150;26
0102105 HOSPITAL MUNICIPAL BRASILANDIA;3;2;28;76;131;157;255;208;108;21
2080427 HOSPITAL MUNICIPAL DA CRIANCA E DO ADOLESCENTE HMCA;9;4;;;;;;;;
6095666 HOSPITAL MUNICIPAL DE BARUERI DR FRANCISCO MORAN;;;;;1;2;3;3;2;1
2388928 HOSPITAL MUNICIPAL DE CASA NOVA - CASA NOVA (BA);;;;;;;;;1;
2080028 HOSPITAL MUNICIPAL DE DIADEMA HMD;;;5;6;8;14;15;6;5;
5935857 HOSPITAL MUNICIPAL DE EMERGENCIAS ALBERT SABIN;;1;1;6;7;13;20;17;17;2
2079615 HOSPITAL MUNICIPAL DE IBIUNA IBIUNA SP;;;;1;2;;;;;
2081091 HOSPITAL MUNICIPAL DE ITAPIRA;;;;;;1;;2;;
3569543 HOSPITAL MUNICIPAL DE MIRANDA RENATO ALBUQUERQUE FILHO - MIRANDA - MS;;;1;;;;;;;
2058308 HOSPITAL MUNICIPAL DR ACILIO CARREON GARCIA - NOVA ODESSA - SP;;;;;;;;;;1
2600854 HOSPITAL MUNICIPAL DR ALVARO BEZERRA - MARACAS (BA);1;;;;;;;;;
2082411 HOSPITAL MUNICIPAL DR GUIDO GUIDA;;;;1;;3;4;2;;
2081490 HOSPITAL MUNICIPAL DR MARIO GATTI CAMPINAS;;;;1;;1;;;;
0161438 HOSPITAL MUNICIPAL GUARAPIRANGA;1;6;34;78;149;202;244;186;83;23
2704587 HOSPITAL MUNICIPAL HUGO MIRANDA - PARATI - RJ;;;;;1;;;;;
2109867 HOSPITAL MUNICIPAL MONSENHOR FLAVIO DAMATO;;;;;1;1;;;;
2363070 HOSPITAL MUNICIPAL PEDRO I COVID 19 - CAMPINA GRANDE (PB);;;;;;2;1;;;
5200105 HOSPITAL MUNICIPAL PIMENTAS BONSUCESSO MANUEL DE PAIVA;;;1;;3;1;5;;;2
6854729 HOSPITAL MUNICIPAL RUTH CARDOSO;;;;;;;;1;;
2436469 HOSPITAL MUNICIPAL SAO JOSE;;;;;;;1;;;
2027356 HOSPITAL MUNICIPAL UNIVERSITARIO;;;1;;;;;;;
2749319 HOSPITAL MUNICIPAL UNIVERSITARIO DE TAUBATE;;;;1;;;;;;
2168243 HOSPITAL MUNICIPAL WALDEMAR DAS DORES - BARAO DE COCAIS (MG);;;;;1;;;;;
2023474 HOSPITAL MUNICIPAL WALTER FERRARI;;;;;;;;;1;
5158044 HOSPITAL NAVAL MARCILIO DIAS;;;1;;;;;;;
9149511 HOSPITAL NEUROCENTER;5;2;4;22;39;61;31;18;14;1
6563570 HOSPITAL NEXT RUDGE RAMOS;;;;;;1;1;;;
2083248 HOSPITAL NEXT SAO BERNARDO;;;1;5;8;4;6;4;6;1
2089777 HOSPITAL NIPO BRASILEIRO;83;29;62;161;233;217;128;87;79;34
2080052 HOSPITAL NOSSA SENHORA APARECIDA;;;;1;;;;1;;
2078538 HOSPITAL NOSSA SENHORA APARECIDA - ITUPEVA (SP);;;;;;;1;;;
2257548 HOSPITAL NOSSA SENHORA APARECIDA DE CAMAQUA - CAMAQUA (RS);;;;;;;1;;;
2082330 HOSPITAL NOSSA SENHORA DE FATIMA;17;5;13;34;38;45;25;16;14;2
9768688 HOSPITAL NOVA NEOMATER;;;2;6;6;4;1;;2;1
2078228 HOSPITAL NOVO ATIBAIA;;;;1;1;1;3;1;;
9744665 HOSPITAL ORION - GOIANIA - GO;;;;;1;;;1;;
2076950 HOSPITAL OSWALDO CRUZ;;4;28;88;174;223;256;239;183;73
0000477 HOSPITAL OSWALDO CRUZ;1;;;1;;1;;1;1;
2089327 HOSPITAL PADRE ALBINO CATANDUVA;;;;;1;;;;;
7898843 HOSPITAL PANAMERICANO - RIO DE JANEIRO - RJ;;;;1;;1;;;;
2587165 HOSPITAL PARANA;;;1;;;;;;;1
3000885 HOSPITAL PILAR;;;;1;;;;;;
0009601 HOSPITAL PIO XII - SAO JOSE DOS CAMPOS (SP);;;;;;;;;1;
2078767 HOSPITAL PITANGUEIRAS;2;;;1;1;;1;1;;
0004251 HOSPITAL PORTUGUES - SALBADOR (BA);;;;1;1;;;;;
2798220 HOSPITAL PREVINA;1;1;6;11;15;30;26;18;9;3
9357661 HOSPITAL PROMED - GOIANIA (GO);;;;;;1;;;;
2126494 HOSPITAL PUBLICO REGIONAL PREFEITO OSVALDO REZENDE FRANCO;;;1;;;;;;;
2487438 HOSPITAL REGIONAL DANTAS BIAO - ALAGOINHAS (BA);;;1;;;;;;;
7013620 HOSPITAL REGIONAL DE BARREIRINHAS;;;;;;1;;;;
2792141 HOSPITAL REGIONAL DE COTIA;2;;2;4;2;3;3;6;2;
2078511 HOSPITAL REGIONAL DE ILHA SOLTEIRA - ILHA SOLTEIRA (SP);;;;;;;;1;;
9556095 HOSPITAL REGIONAL DE REGISTRO - REGISTRO (SP);1;;;;;;1;;;
0008052 HOSPITAL REGIONAL DR VIVALDO MARTINS SIMOES OSASCO;2;1;7;11;9;25;28;14;5;1
2436450 HOSPITAL REGIONAL HANS DIETER SCHMIDT;;;;;;1;;;;
2087804 HOSPITAL REGIONAL JORGE ROSSMANN DE ITANHAEM;;;;;1;;;;;
9141839 HOSPITAL REGIONAL JOSE ALENCAR - UBERABA - MG;;;;1;;1;1;;;
6848710 HOSPITAL REGIONAL NORTE - SOBRAL (CE);;;;;1;;;;;
7563701 HOSPITAL REGIONAL PUBLICO DO LESTE DO PARA - PARAGOMINAS - PA;;;;;;1;;;;
2091313 HOSPITAL REGIONAL SUL SAO PAULO;96;17;20;46;94;117;146;128;55;16
3242587 HOSPITAL REGIONAL UNIMED - FORTALEZA (CE);;;;;1;;;;;
7044666 HOSPITAL RENASCENCA CAMPINAS;;;;;;;;;1;
9490604 HOSPITAL SAGRADA FAMILIA;;;5;10;5;5;4;2;2;1
9554157 HOSPITAL SALVALUS;131;27;57;192;311;432;595;399;202;61
2302500 HOSPITAL SALVATORIANO DIVINO SALVADOR - VIDEIRA - SC;;;;1;;;;;;
2078732 HOSPITAL SAMARITANO DE SOROCABA;1;;;;;;1;;;
9684948 HOSPITAL SAMARITANO PAULISTA;;2;20;74;97;118;126;154;116;44
7174691 HOSPITAL SANCTA MAGGIORE ALTO DA MOOCA;;;1;;1;12;35;63;62;33
9131434 HOSPITAL SANCTA MAGGIORE HIGIENOPOLIS;;1;1;9;22;59;235;377;366;148
7174705 HOSPITAL SANCTA MAGGIORE ITAIM;;;;;1;4;26;46;32;10
6618332 HOSPITAL SANCTA MAGGIORE LIBERDADE;;;;;;;3;;2;
7174713 HOSPITAL SANCTA MAGGIORE MOOCA;;1;1;6;11;40;167;230;236;87
7174721 HOSPITAL SANCTA MAGGIORE PARAISO;;;5;30;42;115;482;600;668;259
7357079 HOSPITAL SANCTA MAGGIORE PINHEIROS;;;3;2;14;39;212;331;322;132
7435568 HOSPITAL SANCTA MAGGIORE SAO BERNARDO;;;;;;;6;9;10;1
9620494 HOSPITAL SANTA ANA;;;2;6;8;19;41;37;29;9
2149990 HOSPITAL SANTA CASA DE MONTES CLAROS;1;;;;;1;;;;
7676484 HOSPITAL SANTA CLARA;20;4;2;23;40;55;109;99;76;27
2151871 HOSPITAL SANTA CLARA;;;;;1;;;;;
3000869 HOSPITAL SANTA CRUZ;;;;1;;;;;;
2151812 HOSPITAL SANTA GENOVEVA - UBERLANDIA (MG);;;;;;1;;;;
3019608 HOSPITAL SANTA HELENA;;;;;1;;;;;
3528596 HOSPITAL SANTA HELENA;;;1;6;6;11;11;12;13;6
2081539 HOSPITAL SANTA HELENA ASSISTENCIA MEDICA SB DO CAMPO;2;1;2;1;1;1;1;2;1;
2079445 HOSPITAL SANTA ISABEL;;7;53;70;66;67;85;80;59;43
2517132 HOSPITAL SANTA JOANA;;;;;1;;;;;
3005402 HOSPITAL SANTA LUZIA - BRASILIA - DF;;;;;;;1;;;
7849184 HOSPITAL SANTA MARIA DE SUZANO;;;;1;3;3;;2;;
2089580 HOSPITAL SANTA PAULA;;2;34;83;115;108;79;68;60;28
2604388 HOSPITAL SANTA ROSA;;;;1;;;;;;
2081784 HOSPITAL SANTA THEREZINHA BROTAS;;;;;;;1;;;
2083256 HOSPITAL SANTANA;;;1;4;3;7;3;;;
2303167 HOSPITAL SANTO ANTONIO DE ITAPEMA - ITAPEMA (SC);;;;;;;;1;;
2080354 HOSPITAL SANTO ANTONIO SANTOS;;;;;;;;1;;
2558254 HOSPITAL SANTO ANTONIO - BLUMENAU (SC);;;;;;;1;1;;
2795671 HOSPITAL SANTO ANTONIO - SINOP (MT);;;1;;;;;;;
5654688 HOSPITAL SANTO EXPEDITO;;;;;;;;1;;
3047822 HOSPITAL SAO BERNARDO;;;4;18;37;59;46;28;13;2
7150938 HOSPITAL SAO BERNARDO S A UNIDADE BAETA NEVES;;;;;1;;;;;
3027600 HOSPITAL SAO CAMILO IPIRANGA;;2;10;23;21;24;27;38;37;10
2688565 HOSPITAL SAO CAMILO POMPEIA;99;36;109;266;282;292;242;192;153;94
3039420 HOSPITAL SAO CAMILO SANTANA;27;9;17;71;77;89;70;78;58;33
2308665 HOSPITAL SAO DOMINGOS (SAO LUIS - MARANHAO);;;1;;1;1;;;;
2729539 HOSPITAL SAO FRANCISCO - CAMBE (PR);;;;1;;;;;;
2303892 HOSPITAL SAO FRANCISCO - CONCORDIA (SC);;;;;;;;1;;
2079275 HOSPITAL SAO FRANCISCO RIBEIRAO PRETO;;;;;;;1;;;
3101126 HOSPITAL SAO FRANCISCO SC LTDA;1;;;3;2;2;;1;1;
2119447 HOSPITAL SAO GERALDO - SAO JOAO DA PONTE (MG);1;;;;;;;;;
2306336 HOSPITAL SAO JOSE - JARAGUA DO SUL (SC);;;;1;;;;;;
2688700 HOSPITAL SAO LUCAS;;;;1;;;;;;
2078740 HOSPITAL SAO LUCAS DE SANTOS;;;;;;1;;;;
5171946 HOSPITAL SAO LUCAS RIBEIRANIA (RIBEIRÇO PRETO);;;;1;;;2;;;
2081261 HOSPITAL SAO LUIZ;;;1;1;;;;;;
9194258 HOSPITAL SAO LUIZ SAO CAETANO;6;1;9;44;41;33;23;14;2;
7320175 HOSPITAL SAO MIGUEL ARCANJO - SAO MIGUEL ARCANJO (SP);;;;;;;;1;;
2077485 HOSPITAL SAO PAULO HOSPITAL DE ENSINO DA UNIFESP SAO PAULO;199;90;97;133;220;336;447;275;170;53
2509369 HOSPITAL SAO PEDRO - REMANSO (BA);;;;;;;1;;;
0003808 HOSPITAL SAO RAFAEL;;;;1;1;;;;;
2080923 HOSPITAL SAO VICENTE - SAO JOSE DO RIO PARDO - SP;;;;;;;1;;;
2487756 HOSPITAL SAO VICENTE DE PAULO;;;;;1;1;;1;;
2081741 HOSPITAL SBC;;;;2;2;;3;11;8;5
2819473 HOSPITAL SERRA MAYOR;;;;3;1;4;;1;2;
5101654 HOSPITAL SINO BRASILEIRO;2;1;1;4;5;8;9;2;1;
2078155 HOSPITAL STELLA MARIS;;;3;4;7;8;2;5;2;
2708566 HOSPITAL UNIMED DE SOROCABA DR MIGUEL VILLA NOVA SOEIRO;1;;;2;;;1;2;1;
6236367 HOSPITAL UNIMED GOVERNADOR VALADARES - GOVERNADOR VALADARES (MG);;;;;;;;;;1
3987957 HOSPITAL UNIMED ITAPETININGA;;;;;;;;;1;
3582647 HOSPITAL UNIMED PRONTO ATENDIMENTO - POCOS DE CALDAS (MG);;;;;;;1;;1;
5586348 HOSPITAL UNIV DA UFSCAR PROF DR HORACIO C PANEPUCCI - SAO CARLOS (SP);;;;;;;1;;;
2076926 HOSPITAL UNIVERSITARIO DA USP SAO PAULO;12;4;4;6;4;19;11;14;14;3
5860490 HOSPITAL UNIVERSITARIO DE MARILIA;;;;1;;;;;;
2587335 HOSPITAL UNIVERSITARIO REGIONAL DE MARINGA;;;;;;;;1;;
2781859 HOSPITAL UNIVERSITARIO REGIONAL DO NORTE DO PARANA;;;;1;;1;1;1;;1
2704900 HOSPITAL UNIVERSITARIO SAO FRANCISCO NA PROVIDENCIA DE DEUS;1;;;;1;;;2;;1
9735372 HOSPITAL VILA NOVA STAR;;2;15;44;64;58;56;58;25;12
5590450 HOSPITAL VILLA LOBOS;;24;152;282;330;242;119;87;66;31
7124139 HOSPITAL VITAL;;;1;2;4;2;5;2;;1
6668143 HOSPITAL VITORIA;75;24;46;173;215;173;121;98;63;22
3507157 HOSPITAL VIVALLE;;;1;;;;;;;
6988938 HOSPITAL VIVALLE - SAO JOSE DOS CAMPOS;;;;1;1;2;1;;;
3811735 HOSPITALAR ASSUNCAO;;;1;1;2;3;;;;
3272591 HOSPITALIS;;;;2;1;2;;;;1
0010464 HRAN;;;;;1;;;;;
2645157 HRL;;;;;;;;1;;
2672197 HRSAM HOSPITAL REGIONAL DE SAMAMBAIA - BRASILIA (DF);;;;;1;;;;;
3027805 HSANP HOSPITAL;8;2;3;14;20;19;13;16;18;5
9392645 HUMANA MAGNA - SÇO PAULO (SP);;;;;;1;;;1;
2077590 IBCC;;;2;5;9;11;24;17;6;1
2488892 IBR HOSPITAL - VITORIA DA CONQUISTA (BA);;;;;1;;;;;
0000434 IMIP;;;1;;;;;;;
0019402 IMPERIAL HOSPITAL DE CARIDADE;;;;;;;;1;;
2288338 INI FIOCRUZ;;;;;;1;;;;
7261012 INNOVA HOSPITAIS ASSOCIADOS LTDA;1;;;8;3;6;1;1;2;
6396607 INNOVA HOSPITAIS ASSOCIADOS LTDA;1;;;1;3;1;;2;;
7544529 INST DE INFECT EMILIO RIBAS II BAIXADA SANTISTA;;;1;;1;;2;;;
2080125 INST DO CANCER ARNALDO VIEIRA DE CARVALHO;;;;3;10;25;48;25;9;3
2088495 INSTITUTO DANTE PAZZANESE DE CARDIOLOGIA IDPC SAO PAULO;9;;1;10;24;47;85;97;48;8
2028840 INSTITUTO DE INFECTOLOGIA EMILIO RIBAS SAO PAULO;2;4;28;75;131;179;202;103;25;2
6123740 INSTITUTO DO CANCER DO ESTADO DE SAO PAULO;;;;;;;1;;;
2078066 INTERMEDICA HPS HOSPITAL PAULO SACRAMENTO;;;;1;;4;2;;;1
2084368 INTERMEDICA SISTEMA DE SAUDE;7;1;5;8;9;10;3;4;7;3
5074320 INTERMEDICA SISTEMA DE SAUDE SA;;;;;;;;1;;
2237253 IRMANDADE DA SANTA CASA DE MISERICORDIA DE PORTO ALEGRE;;;;;;1;;;;
2087111 IRMANDADE DA SANTA CASA DE MISERICORDIA LORENA - LORENA (SP);;;;1;;;;;;
3597156 MADRECOR HOSPITAL;;;;;1;;;;;
3027813 MASTER CLIN;1;;;;;;;;;
2022621 MATERNIDADE DE CAMPINAS;;;;;;;;;1;
2825589 METROPOLITANA DE SARANDI;;;1;;;;;;;
7148518 NOTRE DAME INTERMEDICA SAUDE;;;;;1;1;;;;
2040727 PA MUN DR ATUALPA GIRAO RABELO;;;;4;6;9;10;6;1;
2075423 PA MUN SAO MATEUS II;;;;;1;1;2;;;
7033850 PA RODRIGO ARGOLO;;;;1;;;;;;
3187799 PRO CARDIACO - RIO DE JANEIRO (RJ);;;;;;;;;1;
3037274 PRO MATRE PAULISTA;;;;;1;;;;;
2599848 PRONCOR - CAMPO GRANDE (MS);;;;;;;1;;;
6591620 PRONTO ATENDIMENTO INFANTIL;1;;;;;;;;;
2073552 PRONTO ATENDIMENTO JARDIM PARAISO;;;3;1;;1;1;;;
6600344 PRONTO ATENDIMENTO LUIZ GONZAGA ROCHA;;;;;1;;;;;
2090589 PRONTO ATENDIMENTO MARIA DIRCE;;;;;;;;1;;
5595746 PRONTO ATENDIMENTO PARAVENTI;;;;;1;;;;;1
7931670 PRONTO ATENDIMENTO SANCTA MAGGIORE JARDIM PAULISTA;;;;;1;4;4;13;10;11
9095195 PRONTO ATENDIMENTO SANCTA MAGGIORE MORUMBI;;;;;1;2;11;7;5;7
9472908 PRONTO ATENDIMENTO SANCTA MAGGIORE SANTANA;;;;;;4;7;25;21;14
6654665 PRONTO ATENDIMENTO SANCTA MAGGIORE TATUAPE;;;;;2;1;5;8;6;2
2801051 PRONTO SOCORRO CENTRAL DE DIADEMA;11;3;10;9;20;19;22;17;3;2
0008087 PRONTO SOCORRO CONRADO CESARINO NUVOLINI;;;;2;2;1;2;3;2;
7522533 PRONTO SOCORRO DO ENGENHO NOVO;;;;;;;1;;;
2063786 PRONTO SOCORRO DR AKIRA TADA;;;;;;;1;;;
0008141 PRONTO SOCORRO DR ANTONIO FLAVIO FRANCA;;;1;;1;1;1;;;
6754775 PRONTO SOCORRO DR EDISON DANIEL DOS SANTOS MANO - STA BARBARA D'OESTE (SP);;;;;;;;1;;
3828107 PRONTO SOCORRO DR OSMAR MESQUITA;;;1;1;;;1;2;;
2024381 PRONTO SOCORRO MUNICIPAL ARNALDO DE FIGUEIREDO FREITAS;;1;;;;;;;;
5406390 PRONTO SOCORRO MUNICIPAL DE ITANHAEM;;;;;1;;;;;
2039001 PRONTO SOCORRO MUNICIPAL DE SUZANO;;;;1;1;;1;;1;
2024373 PRONTO SOCORRO MUNICIPAL JOSE AGOSTINHO DOS SANTOS;;;;;1;;;;1;
3825752 PRONTO SOCORRO PESTANA P S ANDRE SACCO;;;;;1;1;;;1;1
2789353 PRONTO SOCORRO PROF DR MATHEUS SANTAMARIA GUARUJA;;;;;;1;1;;;
4048474 PRONTO SOCORRO VEREADOR LEVY DE LIMA;;;;;;1;;;;
2082209 PS E MATERNIDADE NAIR FONSECA LEITAO ARANTES;;;;1;1;5;1;1;;
5932696 PS FENELON GUEDES PEREIRA;1;;;2;3;;3;1;1;
7682581 PS JOSE IBRAHIN;1;;;5;9;7;3;1;6;
2037971 PS MUN AUGUSTO GOMES DE MATOS;;;;;2;;2;;;
4050320 PS MUN DR ALVARO DINO DE ALMEIDA;4;3;17;36;50;67;45;29;12;4
2027100 PS MUN DR CAETANO VIRGILIO NETTO;13;10;24;29;59;72;91;98;54;11
2029189 PS MUN FREGUESIA DO O 21 DE JUNHO;9;3;14;15;34;47;37;51;25;10
2082837 PS MUN PROF JOAO CATARIN MEZOMO;1;4;5;9;17;9;12;10;17;6
2071495 PS MUN SANTANA LAURO RIBAS BRAGA;5;1;17;23;36;60;49;57;27;15
2075407 PS MUN V MARIA BAIXA;6;7;15;33;52;78;75;58;30;4
6024688 PSI PRONTO SOCORRO INFANTIL DE TABOAO DA SERRA;10;;;;;;;;;
2752093 PSM BALNEARIO SAO JOSE;1;1;5;1;4;4;1;5;4;
4050282 PSM DONA MARIA ANTONIETA FERREIRA DE BARROS;8;4;7;24;45;58;50;51;20;8
0001120 REAL HOSPITAL PORTUGUES;;;;;;1;;;;
2078465 REAL SOCIEDADE PORTUGUESA DE BENEFICENCIA;;;;;;;1;;;
3580822 REDE DOR SAO LUIZ S A;;;1;1;;;;;;
3566692 RESIDENCIAL ALBERT EINSTEIN;;;;;;;;;1;
7642415 SAMARITANO BARRA - RIO DE JANEIRO (RJ);;;;1;;;;;;
2171945 SANTA CASA DE ALFENAS;;;;;;;1;;;
2082691 SANTA CASA DE ANDRADINA;;;;;1;;1;;;
2083051 SANTA CASA DE APARECIDA;;;;1;;;1;;;
2078775 SANTA CASA DE ARACATUBA HOSP SAGRADO CORACAO DE JESUS - ARACATUBA (SP);;;;;;;1;;;
0027014 SANTA CASA DE BELO HORIZONTE;;;;1;1;;2;;;
2192020 SANTA CASA DE CAMPO BELO;;;;;;1;;;;
2135132 SANTA CASA DE CARIDADE;;;;;;1;;;;
2093324 SANTA CASA DE FERNANDOPOLIS;;;;;;1;;;;
2705982 SANTA CASA DE FRANCA - FRANCA - SP;;;;;;1;;;;
2083876 SANTA CASA DE FRANCISCO MORATO;;;;1;;1;1;;;
2773333 SANTA CASA DE GUARAREMA;;;;1;1;1;;1;;
2092298 SANTA CASA DE ITU;;;;;;;;1;;
2791722 SANTA CASA DE JAU;;;;;;;1;1;;
2083116 SANTA CASA DE MARILIA;;;;;;3;;;;
2751747 SANTA CASA DE MAUA;;1;2;;;1;1;4;;
2688433 SANTA CASA DE MISERICORDIA DE BRAGANCA PAULISTA;;1;1;;1;1;1;2;;
2442612 SANTA CASA DE MISERICORDIA DE CATALAO;;;;;;;;;1;
2027186 SANTA CASA DE MISERICORDIA DE ITAPEVA;;;;;;;1;;;
2023709 SANTA CASA DE MISERICORDIA DE ITATIBA;;;;;;;;1;;
2080958 SANTA CASA DE MISERICORDIA DE PALMITAL - PALMITAL (SP);;;;;1;;;;;
2798298 SANTA CASA DE MISERICORDIA DE SAO JOSE DO RIO PRETO;;;;;;;;;;2
2748029 SANTA CASA DE MISERICORDIA DE SAO JOSE DOS CAMPOS;;;;;;;1;;2;
2702193 SANTA CASA DE MISERICORDIA DE UBATUBA;;;;;;;;1;1;
2139200 SANTA CASA DE MISERICORDIA DO HOSPITAL SAO FRANCISCO DE ASSIS - TRES PONTAS (MG);;;;;1;;;;;
2084228 SANTA CASA DE MISERICORDIA DONA CAROLINA MALHEIROS SJBV - SAO JOAO DA BOA VISTA;;;;;;;;1;;
4049020 SANTA CASA DE OURINHOS;;;;;1;;;;;
2129469 SANTA CASA DE POCOS DE CALDAS - POCOS DE CALDAS (MG);;;;;1;;;;;
2079925 SANTA CASA DE PORTO FELIZ;;;;;1;;1;2;;
2084414 SANTA CASA DE RIBEIRAO PRETO;;;;;;;;;1;
2082888 SANTA CASA DE RIO CLARO;;;;;;1;;;;
2083140 SANTA CASA DE SANTA ISABEL;;;;;;;;1;;
2025752 SANTA CASA DE SANTOS;;;;;;1;1;1;;
2080931 SANTA CASA DE SAO CARLOS;;;1;;;;;1;1;1
2688689 SANTA CASA DE SAO PAULO HOSPITAL CENTRAL SAO PAULO;60;21;55;105;156;193;259;214;104;16
2699915 SANTA CASA DE VINHEDO;;;;;;1;1;;;
2081377 SANTA CASA DE VOTUPORANGA;;;;;;;;1;;
2080532 SANTA CASA HOSP DR ARISTOTELES OLIVEIRA MARTINS PRES PRUDENT;;;;;;;1;;;
2084058 SANTA CASA MISER STA CRUZ RIO PARDO;;;;;2;;;;;
3547434 SANTA HELENA ASSISTENCIA MEDICA - MAUA (SP);1;;;;;;;;;
3824802 SAO LUIZ UNIDADE MORUMBI;136;33;57;193;208;173;129;118;75;45
2786338 SECAO PRONTO SOCORRO DA ZONA NOROESTE SEPROS ZNO;;;;1;;;;;;
6450237 SECRETARIA MUNICIPAL DE SAUDE DE SOCORRO SP - SOCORRO (SP);1;;;;;;;;;
7166494 SMS HOSPITAL MUNICIPAL EVANDRO FREIRE AP 31 - RIO DE JANEIRO (RJ);;;;;;;1;;;
2087103 SOCIEDADE OPERARIA HUMANITARIA LIMEIRA;;;;;;;1;;;
2287250 SOCIEDADE PORTUGUESA DE BENEFICENCIA DE CAMPOS - CAMPOS DOS GOYTACAZES - RJ;;;;;1;;;;;
2748134 UBS CENTRAL DE RIO GRANDE DA SERRA - RIO GRANDE DA SERRA (SP);;;;;1;;;;;
6938361 UNIDADE AMBULATORIAL HOSPITAL SAO CAETANO - SAO CAETANO DO SUL (SP);;;;;;;;1;;
3015408 UNIDADE DE EMERGENCIA DR DANIEL HOULY;;;;;;1;;;;
2077523 UNIDADE DE GESTAO ASSISTENCIAL II HOSPITAL IPIRANGA SP;26;4;37;82;105;155;209;172;100;41
7184689 UNIDADE DE PRONTO ATENDIMENTO CENTRAL DE CARAGUATATUBA;;;;;;2;4;;;
2706245 UNIDADE DE PRONTO ATENDIMENTO DE FRANCO DA ROCHA UPA II;;;;;1;;;;;
7711077 UNIDADE DE PRONTO ATENDIMENTO DE ITANHAEM;1;;;;;;;;;
7546777 UNIDADE DE PRONTO ATENDIMENTO DR AFRANIO MARTINS - DOURADOS - MS;;;;;;1;;;;
7868499 UNIDADE DE PRONTO ATENDIMENTO DRA ZILDA ARNS;;;;;;1;;;;
3474674 UNIDADE DE PRONTO ATENDIMENTO JARDIM ANGELA;;;;;3;;3;1;;
6008054 UNIDADE DE PRONTO ATENDIMENTO UNIDADE XVI UPA XVI - CONTAGEM (MG);;;;;;1;;;;
7094132 UNIDADE DE PRONTO ATENDIMENTO UPA I SANTA ISABEL;;;;;;;;;1;
2072033 UNIDADE MISTA DE SAUDE DE EMBUGUACU;;;;2;1;;;;;
2085976 UNIDADE MISTA DE SAUDE ROSA SANTA PASIN AGUIAR;;;;;1;1;;1;;
2785188 UNIDADE MISTA DE TABOAO DA SERRA;;;;1;1;1;1;4;1;
0004774 UPA 24 H PROF ADROALDO ALBERGARIA - SALVADOR (BA);;;1;;;;;;;
6875343 UPA 24 HORAS;;;;1;;;;;;
2033135 UPA 24 HORAS JD CERVEZAO RIO CLARO;1;;;;;;;;;
7053835 UPA ALVES DIAS ASSUNCAO;;;;;2;1;;1;;
6844596 UPA BAETA NEVES;;;;;;;1;;;
0008494 UPA BANGU;1;;;;;1;2;;;
4050665 UPA CENTRAL;;;;;;1;;;;
7872593 UPA CENTRAL SANTOS;;;;;1;;;;;
9400109 UPA CUMBICA;;;1;1;3;;;;;
6535798 UPA DEMARCHI BATISTINI;;1;;;1;;;2;;
7429991 UPA DR AKIRA TADA;;;3;5;8;9;15;7;5;2
6834477 UPA DR JOSE POVOA MENDES;;;;;1;;;;;
7792522 UPA EDEN SOROCABA;;;;;;;1;;;
9971513 UPA ERMELINO MATARAZZO;5;4;9;19;19;32;50;30;19;4
9051422 UPA III 26 DE AGOSTO;4;3;10;24;28;49;55;44;39;11
7529368 UPA III DR ALAIR MAFRA ANAPOLIS GOIAS;;;;;;;;1;;
9211861 UPA III DR THELMO DE ALMEIDA CRUZ;;;;;;;1;;;
7479387 UPA III NOVA CAMPO LIMPO;169;42;104;171;221;285;369;288;173;31
6929583 UPA IMPERATRIZ - IMPERATRIZ (MA);;;1;;;;;;;
9997091 UPA JACANA;13;4;6;20;32;61;59;42;37;20
7152574 UPA JOSE CAMPOS BARRETO ZEQUINHA BARRETO;;;;2;3;;1;2;;
6030807 UPA JOSE SANTOS SASSO;;;1;2;;2;;1;;
2069032 UPA JULIO TUPY;13;4;14;21;18;47;55;38;29;12
0100587 UPA JURUNAS - BELEM (PA);;;;;1;;;;;
6950051 UPA MAGINI CENTRO;;;;1;;;2;1;;
7134665 UPA NOVA HOSTOLANDIA MANOEL GEORGINO LOPES - HORTOLANDIA - SP;;;;1;;;;;;
6821197 UPA PAULICEIA TABOAO;;;;;1;;1;;;
9242295 UPA PAULISTA;;;;;;2;1;;;
6133460 UPA PEDREIRA DR CESAR ANTUNES DA ROCHA;;;;;;1;;;;
7113218 UPA PERIMETRAL;;;;;;;1;2;;1
4050169 UPA PERUS DR LUIZ ANTONIO DE ABREU SAMPAIO DORIA;29;16;18;25;47;74;67;58;39;9
2792346 UPA PIRACICAMIRIM DR FORTUNATO LOSSO NETO PIRACICABA - PIRACICABA (SP);;;;;;;1;;;
6146341 UPA PIRITUBA;27;8;32;62;77;103;150;132;87;26
6650864 UPA RIACHO GRANDE;;;;1;1;1;;;;
7030878 UPA RUDGE RAMOS;2;;1;4;3;4;8;5;8;
7021461 UPA SACADURA CABRAL;;;;;;;;1;1;
7494068 UPA SADAKO SEDOGUTI;;;;;2;;1;1;1;
2752107 UPA SANTO AMARO DR JOSE SYLVIO DE CAMARGO;7;1;7;19;26;38;38;35;22;3
6916074 UPA SAO JOAO LAVRAS;;;1;;1;;1;1;2;
6418651 UPA SAO PEDRO;;;;;;1;;;;
9736700 UPA TITO LOPES;9;8;13;26;47;61;75;62;46;9
2164817 UPA UNIDADE DE PRONTO ATENDIMENTO SAO BENEDITO;;;;;;;1;;;
9505946 UPA VERA CRUZ;;;;;;;1;;;
7996802 UPA VICENTE MISSIANO;;;;;1;;3;;;1
6950043 UPA VILA ASSIS;;;;;;;;;1;
7638698 UPA VILA SANTA CATARINA;60;7;15;20;37;32;56;56;36;15
6919456 UPA ZAIRA;;;;;;;1;;;
2746913 VIGILANCIA EPIDEMIOLOGICA DE COTIA;;;;;;1;1;;;
