estab_inter;zero_nove;dez_nove;vinte_nove;trinta_nove;quarenta_nove;cinquenta_nove;sessenta_nove;setenta_nove;oitenta_nove;noventa_nove;cem_mais;ignorada;total
2077531 A C CAMARGO CANCER CENTER;;;1;3;2;8;16;17;13;1;;;61
6143180 AMA ENGENHEIRO GOULART DR JOSE PIRES;;;;;;;1;;;;;;1
6146295 AMA HOSPITAL IGNACIO PROENCA DE GOUVEA;;;;1;;1;1;1;;;;;4
6146309 AMA HOSPITALAR DR CARMINO CARICCHIO;;;;;1;;;;;;;;1
6148344 AMA JARDIM PERI;;;;;;;1;;;;;;1
2787474 AMA UBS INTEGRADA JARDIM ICARAI QUINTANA;;;;;;;;;1;;;;1
2077655 ASSOC AACD V CLEMENTINO;;;;;;;;1;;;;;1
5607442 ASSOCIACAO HOSPITAL PERSONAL CUIDADOS ESPECIAIS;;;;;;1;7;9;9;3;1;;30
9373306 ASSOCIACAO HOSPITALAR CONEGO DOMENICO RANGONI;;;;;;;;;1;;;;1
2200457 ASSOCIACAO MARIO PENNA - BELO HORIZONTE (MG);;;;;;1;;;;;;;1
6984649 BP HOSPITAL FILANTROPICO;2;;;;;1;;;1;;;;4
6430120 BP MIRANTE;;;;;1;2;3;4;3;1;;;14
2081946 CASA DE SAUDE;;;;;;;;1;;;;;1
3008398 CASA DE SAUDE SANTOS;;;;;;;;;1;;;;1
2271443 CASA DE SAUDE SAO JOSE;;;;;;;1;;;;;;1
6697054 CASU IRMA DENISE - CARATINGA (MG);;;;;;;;1;;;;;1
2078287 CENTRO DE REFERENCIA DA SAUDE DA MULHER SAO PAULO;;;;;2;5;11;3;2;;;;23
2077957 CENTRO DE REFERENCIA E TREINAMENTO DSTAIDS SAO PAULO;;;;;1;1;;;;;;;2
0008923 CENTRO HOSPITALAR DE SANTO ANDRE DR NEWTON DA COSTA BRANDAO;;;1;2;2;4;15;19;6;;;;49
3001466 CENTRO HOSPITALAR DO SISTEMA PENITENCIARIO SAO PAULO;;;;;1;;;;;;;;1
2079666 CENTRO MEDICO DE CAMPINAS;;;;;;1;;;;;;;1
3464555 CENTRO MEDICO PMESP;;;;2;4;10;10;15;7;2;1;;51
9238735 CLINICA PREMIUM CARE FILIAL CAMPO BELO;;;;;;;;;1;1;;;2
7710569 CLINICA PREMIUM CARE FILIAL ITAIM;;;;;;;;;;1;;;1
6032699 CLINICA PREMIUM CARE VILA OLIMPIA;;;;;;;;;1;1;;;2
6998704 COMPLEXO HOSPITALAR DOS ESTIVADORES - SANTOS (SP);;;;;;1;;;;;;;1
2716097 COMPLEXO HOSPITALAR IRMA DULCE O S S;;;;;;;1;2;1;;;;4
2082594 COMPLEXO HOSPITALAR MUNICIPAL;;;;;;4;3;4;5;1;;;17
6625649 COMPLEXO HOSPITALAR OITO DE DEZEMBRO UNIDADE I;;;;;1;;;2;2;;;;5
2079410 COMPLEXO HOSPITALAR PADRE BENTO DE GUARULHOS;;;2;;4;4;4;1;1;1;;;17
0158119 COMPLEXO HOSPITALAR MUNICIPAL SOROCABANA;;;;;1;4;11;7;6;;;;29
2077574 CONJUNTO HOSPITALAR DO MANDAQUI SAO PAULO;4;2;6;11;13;55;74;88;55;23;;;331
2078627 DAY HOSPITAL DE ERMELINO MATARAZZO;;;;1;1;3;2;;2;1;;;10
9491252 DR RUBENS SAVASTANO HOSPITAL REGIONAL DE SAO JOSE DOS CAMPOS - SJC - SP;;;;;;;;;;1;;;1
2080001 FAMILY HOSPITAL;;;;;;;;1;1;;;;2
2105365 FUNDACAO HOSPITALAR DO MUNICIPIO DE ESPINOSA;;;;;;;;;1;;;;1
2090236 FUNDACAO PIO XII - BARRETOS (SP);;;;;;;1;;;;;;1
9946179 GREEN LINE SISTEMA DE SAUDE - OSASCO (SP);;;;;;;1;;;;;;1
2078015 HC DA FMUSP HOSPITAL DAS CLINICAS SAO PAULO;5;4;19;33;70;153;287;282;162;41;1;1;1058
2786435 HCSVP HOSPITAL SAO VICENTE;;;;;1;;;1;;;;;2
2079089 HOSP 9 DE JULHO;;;;;2;9;14;32;54;23;;;134
2082314 HOSP ALBERT SABIN;;;1;1;3;3;5;4;10;7;;;34
2089238 HOSP ALVORADA;2;;;2;5;13;21;25;38;18;2;;126
2078481 HOSP AVICCENA;;;;;;3;3;7;12;4;;;29
2078600 HOSP DA AERONAUTICA DE SPHASP;;;;;;;1;;1;4;;;6
2075962 HOSP DA STA CASA DE STO AMARO;;;;2;7;11;26;21;28;10;1;;106
3019012 HOSP DE CLINICAS J HELENA;;;1;1;;5;4;12;1;;;;24
2088576 HOSP DE TRANSPLANT DO EST DE SP EURYCLIDES DE JESUS ZERBINI;;;;2;6;8;11;15;4;1;;;47
2058502 HOSP DO SERV PUB EST FCO MORATO DE OLIVEIRA SAO PAULO;;;;2;5;52;108;174;194;75;3;;613
2752077 HOSP DO SERV PUB MUNICIPAL HSPM;1;;1;6;4;23;34;33;15;5;1;5;128
2077469 HOSP DOM ANTONIO DE ALVARENGA;;;2;;1;6;10;19;25;13;;;76
5174465 HOSP E MATERNIDADE DO BRAZ;;;;;1;2;3;1;2;;;;9
2089610 HOSP EDMUNDO VASCONCELOS;;;;1;3;;4;4;8;4;;1;25
2078007 HOSP GERAL DE SAO PAULO;;;;;;2;;10;9;8;;;29
2089653 HOSP IGUATEMI;;;;6;11;22;23;15;10;5;1;;93
2078406 HOSP INDEPENDENCIA;;;;2;1;1;3;1;2;1;;;11
2089564 HOSP MAT 8 DE MAIO;1;;;;;3;;4;1;;;;9
2680785 HOSP MAT ALVORADA STO AMARO;;;;;1;3;3;8;4;2;;;21
2089602 HOSP MAT DO SEPACO;1;1;;1;7;6;14;17;30;14;;;91
2080796 HOSP MAT SAO CRISTOVAO;;;2;4;7;6;13;19;44;17;1;;113
2078589 HOSP MAT STA MARIA-CRUZ AZUL;1;;3;1;3;15;24;64;87;34;;;232
3045625 HOSP MAT VIDAS;2;2;5;6;20;33;37;17;10;4;;;136
5420938 HOSP MUN CARMEN PRUDENTE;13;3;10;13;24;62;101;87;43;11;2;1;370
7473702 HOSP MUN DE MOGI DAS CRUZES PREF WALDEMAR COSTA FILHO;;;;1;;1;1;;;2;;;5
2084139 HOSP MUN DR BENEDICTO MONTENEGRO;;;1;5;8;14;27;28;28;13;;;124
2080346 HOSP MUN DR CARMINO CARICCHIO;;1;5;16;24;68;76;81;68;24;1;2;366
2084473 HOSP MUN DR IGNACIO PROENCA DE GOUVEA;;;8;25;22;31;71;60;46;18;;;281
2077450 HOSP MUN DR JOSE SOARES HUNGRIA;;1;3;12;25;42;79;80;53;13;;;308
2786680 HOSP MUN FERNANDO MAURO PIRES DA ROCHA;2;;2;3;7;18;22;23;22;6;;1;106
7711980 HOSP MUN GILSON DE CASSIA MARQUES DE CARVALHO;1;;;3;6;23;46;39;12;2;;;132
2081970 HOSP MUN JABAQUARA ARTUR RIBEIRO DE SABOYA;1;;5;7;13;22;47;49;38;16;1;;199
9465464 HOSP MUN JOSANIAS CASTANHA BRAGA;;;4;21;37;70;124;105;90;19;1;;471
5718368 HOSP MUN M BOI MIRIM;1;1;4;15;32;76;159;145;89;22;1;;545
2079186 HOSP MUN MAT ESC DR MARIO DE MORAES A SILVA;1;;;1;;;1;;;;;;3
2075717 HOSP MUN MATERNIDADE PROFESSOR MARIO DEGNI;;;1;1;2;1;3;2;5;1;;;16
2077639 HOSP MUN PROF DR WALDOMIRO DE PAULA;1;2;11;27;39;63;102;129;93;24;1;;492
2082829 HOSP MUN PROFESSOR DOUTOR ALIPIO CORREA NETTO;2;3;2;5;11;14;20;24;30;8;;;119
2080583 HOSP MUN TIDE SETUBAL;1;1;12;21;45;61;134;134;91;33;3;;536
2080788 HOSP MUN V NHOCUNE ALEXANDRE ZAIO;;;3;5;6;17;30;50;42;17;1;1;172
3212130 HOSP MUN VER JOSE STOROPOLLI;1;;6;11;15;47;52;60;49;19;;1;261
2563460 HOSP MUNIC DONA MARIA MUNIZ;;;;;;1;;;;;;;1
2082861 HOSP MUNICIPAL DE URGENCIAS HMU;;;;;;1;2;2;4;;1;;10
2089599 HOSP NSRA DE LOURDES;;;;2;2;8;12;12;15;15;1;;67
2084376 HOSP PAULISTANO;;;;5;4;6;12;19;11;10;;;67
2077604 HOSP PRESIDENTE;;;2;;1;2;1;8;4;1;;;19
2080818 HOSP SAMARITANO;;;;;3;6;10;20;19;17;1;;76
5907594 HOSP SAO LUIZ ANALIA FRANCO;1;;;4;1;14;18;9;23;8;;;78
2076896 HOSP SAO LUIZ GONZAGA;2;;1;3;4;7;19;19;19;2;;;76
2688611 HOSP SAO LUIZUNIDADE I;;;;;;4;2;8;4;5;;;23
2079127 HOSP SIRIO LIBANES;1;;;1;;1;8;24;40;32;;;107
2688603 HOSP STA CATARINA;;;;2;2;3;12;17;35;39;5;;115
2082624 HOSP STA CRUZ;;;1;2;2;9;22;20;33;15;1;;105
2078597 HOSP STA HELENA;;;;;4;6;4;5;8;4;;;31
2084341 HOSP STA MAGGIORE;;;;;;;1;3;2;1;;;7
2077477 HOSP STA MARCELINA SAO PAULO;6;4;12;31;54;109;199;176;134;20;3;;748
2082535 HOSP STA RITA;;;;;;;;2;;;;;2
2078457 HOSP STA VIRGINIA;;;1;;1;2;6;7;13;7;1;;38
7060165 HOSPITAL A C CAMARGO TAMANDARE;;3;;;3;5;7;3;;1;;;22
3166597 HOSPITAL ADVENTISTA DE SAO PAULO;;;;;;2;8;18;28;11;;;67
0000418 HOSPITAL AGAMENON MAGALHAES;;;;;;;;1;;;;;1
2793466 HOSPITAL ALVORADA JACAREI - JACAREI (SP);;;;;;1;;;1;;;;2
2025760 HOSPITAL ANA COSTA DE SANTOS;;;;;;;1;2;2;;;;5
0013633 HOSPITAL ANGELINA CARON;;;;2;;;;;;;;;2
2077507 HOSPITAL BANDEIRANTES;;;1;1;3;11;44;67;97;51;2;1;278
2084090 HOSPITAL BARTIRA;;;;2;;;1;;2;1;;;6
3003361 HOSPITAL BENEFICENCIA PORTUGUESA DE BAURU;;;;;;;;;1;;;;1
2718324 HOSPITAL BOM CLIMA;;;;;1;1;3;3;2;;;;10
3309959 HOSPITAL BOSQUE DA SAUDE;;1;1;5;7;13;13;10;22;7;;;79
2080575 HOSPITAL BP;;1;;4;5;22;35;66;46;25;1;;205
2081628 HOSPITAL CARLOS CHAGAS;;;;1;;;3;3;2;1;;;10
2091801 HOSPITAL CENTRAL DE GUAIANASES;;1;2;3;7;8;2;5;6;;;;34
2078988 HOSPITAL CORACAO DE JESUS;;;;;;;;2;;;;;2
2079887 HOSPITAL CRUZEIRO DO SUL;;;;1;3;11;8;11;8;5;;;47
2080168 HOSPITAL DA CRIANCA;1;;;;;;;;;;;;1
2080494 HOSPITAL DA CRUZ VERMELHA BRASILEIRA DO ESTADO DE SAO;;;;2;3;9;15;12;8;3;;;52
3367371 HOSPITAL DA LUZ;2;;1;3;8;12;12;8;9;1;;;56
6451098 HOSPITAL DALILA FERREIRA BARBOSA - ARUJA (SP);;;;;;1;;;;;;;1
9335951 HOSPITAL DAS ACACIAS - SANTO ANDRE (SP);;;;;1;1;;2;3;1;;;8
2127989 HOSPITAL DAS CLIN SAMUEL LIBANIO POUSO ALEGRE;;;;;;;;1;;;;;1
2748223 HOSPITAL DAS CLINICAS DA FACULDADE DE MEDICINA DE BOTUCATU;;;;;;;;1;;;;;1
2025507 HOSPITAL DAS CLINICAS HCFAMEMA - MARILIA (SP);;;;1;;;;;;;;;1
2080680 HOSPITAL DAS CLINICAS LUZIA DE PINHO MELO MOGI DAS CRUZES;;;;;;3;5;3;1;1;;;13
2077396 HOSPITAL DE BASE DE SAO JOSE DO RIO PRETO;;;;;;1;;;;;;;1
0102172 HOSPTIAL DE CAMPANHA COVID 19 CENTRO DE COMBATE AO CORONA;;;;;2;;;4;;;;;6
0115509 HOSPITAL DE CAMPANHA COVID 19 DE MAIRIPORA - MAIRIPORA - SP;;;;;1;;;1;1;;;;3
0113123 HOSPITAL DE CAMPANHA COVID 19 SMS SP ANHEMBI P 35;;;;;2;1;4;3;1;;;;11
0102083 HOSPITAL DE CAMPANHA COVID 19 SMS SP ANHEMBI P 38;;;;1;4;11;11;14;10;;;;51
0102040 HOSPITAL DE CAMPANHA COVID 19 SMS SP PACAEMBU;;;;1;2;4;1;2;;;;;10
6817203 HOSPITAL DE CLINICAS CAIEIRAS;;;;2;;2;1;2;1;;;;8
2765934 HOSPITAL DE CLINICAS DE SAO SEBASTIAO;;;;;;1;;;;;;;1
2082349 HOSPITAL DE CLINICAS DR RADAMES NARDINI;;;;1;;;;;;;;;1
7373465 HOSPITAL DE CLINICAS MUNICIPAL;;;;;;;3;;;1;;;4
2167727 HOSPITAL DE GIMIRIM - POCO FUNDO (MG);;;1;;;;;;;;;;1
7992890 HOSPITAL DIA REDE HORA CERTA DA CAPELA DO SOCORRO;;;;;3;2;2;4;4;1;;;16
2081288 HOSPITAL DO CORACAO;;;;;1;3;9;21;29;13;1;;77
2089785 HOSPITAL DO RIM E HIPERTENSAO;;;;1;3;3;7;1;;;;;15
0013846 HOSPITAL DO ROCIO - CAMPO LARGO - PR;;;;;;;;1;;;;;1
2087057 HOSPITAL DOS FORNECEDORES DE CANA DE PIRACICABA;;;;;1;;;;;;;;1
2577763 HOSPITAL DOUTOR EULALINO IGNACIO DE ANDRADE HZS - LONDRINA - PR;;;;;;;;;1;;;;1
2077434 HOSPITAL DR LEOPOLDO BEVILACQUA;;;;;;1;1;;;1;;;3
2080079 HOSPITAL DR OSIRIS FLORINDO COELHO FERRAZ DE VASCONCELOS;1;;;1;1;3;1;1;4;;;;12
2080133 HOSPITAL E MATERNIDADE BENEFICENCIA PORTUGUESA;;;;;1;1;;;1;;;;3
2789590 HOSPITAL E MATERNIDADE BRASIL;;;;;;2;2;1;6;1;;;12
2080613 HOSPITAL E MATERNIDADE CENTRAL SAO CAETANO DE SUL;;;;1;1;1;1;1;;1;;;6
2079607 HOSPITAL E MATERNIDADE DR CHRISTOVAO DA GAMA;;;;;2;;7;12;15;8;;;44
9255826 HOSPITAL E MATERNIDADE GUARULHOS;;;1;2;6;5;9;3;2;;;;28
6938876 HOSPITAL E MATERNIDADE INTERMEDICA ABC;;;2;4;12;35;46;20;11;6;1;;137
2078678 HOSPITAL E MATERNIDADE MADRE THEODORA;;;;;;1;;;;;;;1
2078082 HOSPITAL E MATERNIDADE METROPOLITANO;;1;1;6;3;13;20;17;16;7;;;84
2072513 HOSPITAL E MATERNIDADE MUNICIPAL SANTA ANA;;;;;;;;;1;;;;1
2746387 HOSPITAL E MATERNIDADE NOVA VIDA;;;;1;;1;;;;;;;2
2127881 HOSPITAL E MATERNIDADE SAO LUCAS DE EXTREMA (EXTREMA - MG);;;;;;;;1;;;;;1
2078619 HOSPITAL E MATERNIDADE SAO MIGUEL;;;;1;1;2;2;2;;;;;8
2069776 HOSPITAL E PRONTO SOCORRO CENTRAL;;;;1;;1;4;2;2;1;;;11
2823209 HOSPITAL E PRONTO SOCORRO PORTINARI;;;1;9;9;13;11;8;4;3;;;58
2096196 HOSPITAL ENF ANTONIO POLICARPO DE OLIVEIRA;;;;;1;2;1;2;1;3;;;10
6602533 HOSPITAL ESTADUAL DA CRIANCA;1;;;;;;;;;;;;1
0127876 HOSPITAL ESTADUAL DE CAMPANHA COVID 19 BARRADAS;;;;2;6;11;26;24;12;;;;81
0127868 HOSPITAL ESTADUAL DE CAMPANHA COVID 19 IBIRAPUERA;;;;;1;4;3;2;3;;;;13
2084163 HOSPITAL ESTADUAL DE DIADEMA HOSPITAL SERRARIA;;;;1;1;1;3;2;2;1;;;11
2091585 HOSPITAL ESTADUAL DE SAPOPEMBA SAO PAULO;;;2;7;9;21;59;85;84;21;1;;289
2077426 HOSPITAL ESTADUAL DE VILA ALPINA ORG SOCIAL SECONCI SAO PAUL;6;;8;8;31;73;139;162;167;46;2;;642
6878687 HOSPITAL ESTADUAL DR ALBANO DA FRANCA ROCHA SOBRINHO;;;;;;2;;;;;;;2
7257406 HOSPITAL ESTADUAL DR JAYME SANTOS NEVES - SERRA (ES);;;;;;;;1;;;;;1
2080273 HOSPITAL ESTADUAL MARIO COVAS DE SANTO ANDRE;;;;1;3;7;11;12;3;;;;37
3028399 HOSPITAL ESTADUAL PROF CARLOS DA SILVA LACAZ FCO MORATO;;;;;1;2;2;;;;;;5
2081644 HOSPITAL FREI GALVAO;;;;;;;;1;;;;;1
2792168 HOSPITAL GERAL DE CARAPICUIBA;;;;;;;1;;;;;;1
2080338 HOSPITAL GERAL DE GUARULHOS PROF DR WALDEMAR DE CARVALHO;1;;;;2;4;6;5;5;2;;;25
2792176 HOSPITAL GERAL DE ITAPECERICA DA SERRA;;;;1;1;4;14;6;6;2;1;;35
2078104 HOSPITAL GERAL DE ITAPEVI;;;;;;;1;1;;;;;2
2078562 HOSPITAL GERAL DE ITAQUAQUECETUBA;;;1;2;1;1;6;5;2;1;;;19
2066092 HOSPITAL GERAL DE PEDREIRA;5;2;10;20;39;84;151;144;113;43;;;611
2077493 HOSPITAL GERAL DE SAO MATEUS SAO PAULO;3;;3;7;15;22;36;35;24;9;1;;155
2688573 HOSPITAL GERAL DE VILA NOVA CACHOEIRINHA SAO PAULO;;1;2;9;20;35;71;58;53;20;;;269
2091755 HOSPITAL GERAL DE VILA PENTEADO DR JOSE PANGELLA SAO PAULO;;1;9;19;47;84;171;150;107;37;2;;627
2402076 HOSPITAL GERAL DE VITORIA DA CONQUISTA;;;;;;1;;;;;;;1
2077671 HOSPITAL GERAL DO GRAJAU PROF LIBER JOHN ALPHONSE DI DIO SP;4;2;3;10;20;32;47;63;44;16;3;;244
0004073 HOSPITAL GERAL ERNESTO SIMOES FILHO;;;;;;;1;;;;;;1
2079240 HOSPITAL GERAL JESUS TEIXEIRA DA COSTA GUAIANASES SAO PAULO;;;5;11;15;48;61;62;59;25;1;;287
2079828 HOSPITAL GERAL PIRAJUSSARA TABOAO DA SERRA;;;;;;1;;2;;;;;3
2400693 HOSPITAL GERAL PRADO VALADARES;;;;;1;;;;;;;;1
2077620 HOSPITAL GERAL SANTA MARCELINA DE ITAIM PAULISTA SAO PAULO;2;2;4;11;20;33;57;63;52;12;;;256
2688581 HOSPITAL GERIATRICO E DE CONVALESCENTES D PEDRO II;;;;;;;1;;;;;;1
2089696 HOSPITAL GRAACC INSTITUTO DE ONCOLOGIA PEDIATRICA IOP;1;1;;;;;;;;;;;2
7894260 HOSPITAL GUARUJA - GUARUJA - SP;;;;;;;;1;1;1;;;3
2079720 HOSPITAL GUILHERME ALVARO SANTOS;;;;;;;1;1;;;;;2
2066572 HOSPITAL HELIOPOLIS UNIDADE DE GESTAO ASSISTENCIAL I SP;;;1;3;4;16;31;26;12;3;;;96
2084333 HOSPITAL IGESP;;;;2;3;6;28;55;86;55;2;;237
2080400 HOSPITAL IMACULADA CONCEICAO - RIBEIRAO PRETO (SP);;;;;;;1;;;;;;1
3160408 HOSPITAL INC;;;;;;;;;1;;;;1
2088517 HOSPITAL INFANTIL CANDIDO FONTOURA SAO PAULO;1;2;;;;;;;;;;;3
2071371 HOSPITAL INFANTIL DARCY VARGAS UGA III SAO PAULO;1;1;;;;;;;;;;;2
6614426 HOSPITAL INFANTIL SABARA;2;;;;;;;;;;;;2
2784882 HOSPITAL IPIRANGA DE MOGI DAS CRUZES;;;;;2;;;;3;;;;5
2058391 HOSPITAL ISRAELITA ALBERT EINSTEIN;;1;1;1;1;7;9;33;38;32;1;;124
2082225 HOSPITAL KATIA DE SOUZA RODRIGUES TAIPASSP SAO PAULO;1;1;6;14;26;42;68;57;51;22;2;;290
6283993 HOSPITAL LEFORTE;;;1;;2;3;7;13;16;5;;;47
2079011 HOSPITAL LEITO IRMA ANETTE MARLENE FERNANDES DE MELLO;;;;;1;;;;;1;;;2
2205440 HOSPITAL MARCIO CUNHA;;;;;;;;;1;;;;1
2065665 HOSPITAL MATERNIDADE INTERLAGOS;2;;1;;;;;;;;;;3
2004976 HOSPITAL MEMORIAL DJACY BARBOSA - ARAPIRACA - AL;;;;;;1;;;;;;;1
9467718 HOSPITAL METROPOLITANO DOM JOSE MARIA PIRES - SANTA RITA - PB;;;;1;;;;;;;;;1
7644167 HOSPITAL MORIAH;;;;;;;2;;1;;;;3
2222043 HOSPITAL MUNICIPAL;;;;;;1;;1;;;;;2
0008028 HOSPITAL MUNICIPAL ANTONIO GIGLIO;;;;2;;1;3;8;1;;;;15
0102075 HOSPITAL MUNICIPAL BELA VISTA;;;2;8;28;44;89;94;64;12;1;2;344
0102105 HOSPITAL MUNICIPAL BRASILANDIA;;;4;9;18;23;57;69;46;14;1;;241
2080427 HOSPITAL MUNICIPAL DA CRIANCA E DO ADOLESCENTE HMCA;1;;;;;;;;;;;;1
6095666 HOSPITAL MUNICIPAL DE BARUERI DR FRANCISCO MORAN;;;;;;1;1;2;2;1;;;7
2080028 HOSPITAL MUNICIPAL DE DIADEMA HMD;;;;1;;1;5;1;3;;;;11
5935857 HOSPITAL MUNICIPAL DE EMERGENCIAS ALBERT SABIN;;;;1;;5;2;3;8;1;;1;21
2081091 HOSPITAL MUNICIPAL DE ITAPIRA;;;;;;;;1;;;;;1
2058308 HOSPITAL MUNICIPAL DR ACILIO CARREON GARCIA - NOVA ODESSA - SP;;;;;;;;;;1;;;1
0161438 HOSPITAL MUNICIPAL GUARAPIRANGA;;;3;7;11;25;44;48;26;7;;;171
2704587 HOSPITAL MUNICIPAL HUGO MIRANDA - PARATI - RJ;;;;;1;;;;;;;;1
2363070 HOSPITAL MUNICIPAL PEDRO I COVID 19 - CAMPINA GRANDE (PB);;;;;;2;1;;;;;;3
5200105 HOSPITAL MUNICIPAL PIMENTAS BONSUCESSO MANUEL DE PAIVA;;;;;;;;;;1;;;1
2436469 HOSPITAL MUNICIPAL SAO JOSE;;;;;;;1;;;;;;1
9149511 HOSPITAL NEUROCENTER;;;;1;4;9;13;7;8;1;;;43
6563570 HOSPITAL NEXT RUDGE RAMOS;;;;;;;1;;;1;;;2
2083248 HOSPITAL NEXT SAO BERNARDO;;;;;2;;1;2;1;;;;6
2089777 HOSPITAL NIPO BRASILEIRO;1;;1;1;2;15;11;10;20;11;2;;74
2080052 HOSPITAL NOSSA SENHORA APARECIDA;;;;;;;;1;;;;;1
2257548 HOSPITAL NOSSA SENHORA APARECIDA DE CAMAQUA - CAMAQUA (RS);;;;;;;1;;;;;;1
2082330 HOSPITAL NOSSA SENHORA DE FATIMA;;;;;4;3;;5;10;1;;;23
9768688 HOSPITAL NOVA NEOMATER;;;;;1;;;;;1;;;2
2078228 HOSPITAL NOVO ATIBAIA;;;;;;1;;1;;;;;2
9744665 HOSPITAL ORION - GOIANIA - GO;;;;;;;;1;;;;;1
2076950 HOSPITAL OSWALDO CRUZ;;;;;4;4;14;23;49;23;1;;118
7898843 HOSPITAL PANAMERICANO - RIO DE JANEIRO - RJ;;;;;;1;;;;;;;1
2798220 HOSPITAL PREVINA;;;;;3;10;6;8;5;2;;;34
9357661 HOSPITAL PROMED - GOIANIA (GO);;;;;;1;;;;;;;1
2792141 HOSPITAL REGIONAL DE COTIA;;;;2;1;1;2;3;1;;;;10
2078511 HOSPITAL REGIONAL DE ILHA SOLTEIRA - ILHA SOLTEIRA (SP);;;;;;;;1;;;;;1
0008052 HOSPITAL REGIONAL DR VIVALDO MARTINS SIMOES OSASCO;;1;1;;2;5;16;9;3;1;;;38
9141839 HOSPITAL REGIONAL JOSE ALENCAR - UBERABA - MG;;;;;;;1;;;;;;1
2091313 HOSPITAL REGIONAL SUL SAO PAULO;4;;1;9;10;16;50;41;23;4;;;158
9490604 HOSPITAL SAGRADA FAMILIA;;;;;1;;2;1;1;;;;5
9554157 HOSPITAL SALVALUS;;3;6;26;37;75;135;139;90;34;;;545
9684948 HOSPITAL SAMARITANO PAULISTA;;;2;4;7;14;21;30;39;17;1;;135
7174691 HOSPITAL SANCTA MAGGIORE ALTO DA MOOCA;;;;;;3;13;31;32;15;;;94
9131434 HOSPITAL SANCTA MAGGIORE HIGIENOPOLIS;;;;;3;9;67;159;195;92;6;;531
7174705 HOSPITAL SANCTA MAGGIORE ITAIM;;;;;;2;8;14;22;3;;;49
6618332 HOSPITAL SANCTA MAGGIORE LIBERDADE;;;;;;;1;;1;;;;2
7174713 HOSPITAL SANCTA MAGGIORE MOOCA;;;;1;;8;59;92;131;46;;;337
7174721 HOSPITAL SANCTA MAGGIORE PARAISO;;;;1;1;14;120;198;273;141;3;1;752
7357079 HOSPITAL SANCTA MAGGIORE PINHEIROS;;;;;4;10;58;129;136;74;4;;415
7435568 HOSPITAL SANCTA MAGGIORE SAO BERNARDO;;;;;;;;2;3;;;;5
9620494 HOSPITAL SANTA ANA;;;1;2;1;7;16;13;7;5;;;52
7676484 HOSPITAL SANTA CLARA;;;;5;5;13;44;57;41;19;;;184
3528596 HOSPITAL SANTA HELENA;;;;1;2;3;5;2;6;2;;;21
2081539 HOSPITAL SANTA HELENA ASSISTENCIA MEDICA SB DO CAMPO;;;;1;;;;;;;;;1
2079445 HOSPITAL SANTA ISABEL;;;;1;1;4;14;16;15;19;;;70
7849184 HOSPITAL SANTA MARIA DE SUZANO;;;;;;1;;2;;;;;3
2089580 HOSPITAL SANTA PAULA;;;1;;4;8;8;20;22;8;;;71
2081784 HOSPITAL SANTA THEREZINHA BROTAS;;;;;;;1;;;;;;1
2083256 HOSPITAL SANTANA;;;;;;3;1;;;;;;4
2303167 HOSPITAL SANTO ANTONIO DE ITAPEMA - ITAPEMA (SC);;;;;;;;1;;;;;1
2080354 HOSPITAL SANTO ANTONIO SANTOS;;;;;;;;1;;;;;1
2558254 HOSPITAL SANTO ANTONIO - BLUMENAU (SC);;;;;;;1;1;;;;;2
3047822 HOSPITAL SAO BERNARDO;;;;3;3;20;11;6;6;;;;49
3027600 HOSPITAL SAO CAMILO IPIRANGA;;;1;1;;2;7;15;10;5;;;41
2688565 HOSPITAL SAO CAMILO POMPEIA;;;2;2;2;9;19;30;39;25;1;;129
3039420 HOSPITAL SAO CAMILO SANTANA;;1;;2;5;9;15;30;25;19;;;106
2303892 HOSPITAL SAO FRANCISCO - CONCORDIA (SC);;;;;;;;1;;;;;1
3101126 HOSPITAL SAO FRANCISCO SC LTDA;;;;;1;;;;;;;;1
9194258 HOSPITAL SAO LUIZ SAO CAETANO;;;;;1;;;3;1;;;;5
2077485 HOSPITAL SAO PAULO HOSPITAL DE ENSINO DA UNIFESP SAO PAULO;6;4;11;19;36;91;144;118;90;27;;;546
2509369 HOSPITAL SAO PEDRO - REMANSO (BA);;;;;;;1;;;;;;1
2080923 HOSPITAL SAO VICENTE - SAO JOSE DO RIO PARDO - SP;;;;;;;1;;;;;;1
2487756 HOSPITAL SAO VICENTE DE PAULO;;;;;;;;1;;;;;1
2081741 HOSPITAL SBC;;;;;;;1;;2;;;;3
2819473 HOSPITAL SERRA MAYOR;;;;3;;2;;1;2;;;;8
5101654 HOSPITAL SINO BRASILEIRO;;;;;;;1;2;;;;;3
2078155 HOSPITAL STELLA MARIS;;;;;;1;;3;1;;;;5
2708566 HOSPITAL UNIMED DE SOROCABA DR MIGUEL VILLA NOVA SOEIRO;;;;;;;;1;1;;;;2
3582647 HOSPITAL UNIMED PRONTO ATENDIMENTO - POCOS DE CALDAS (MG);;;;;;;;;1;;;;1
2076926 HOSPITAL UNIVERSITARIO DA USP SAO PAULO;1;;;1;;6;3;5;11;3;;;30
2781859 HOSPITAL UNIVERSITARIO REGIONAL DO NORTE DO PARANA;;;;;;;1;;;1;;;2
2704900 HOSPITAL UNIVERSITARIO SAO FRANCISCO NA PROVIDENCIA DE DEUS;;;;;;;;1;;;;;1
9735372 HOSPITAL VILA NOVA STAR;;;;;1;1;2;6;4;3;;;17
5590450 HOSPITAL VILLA LOBOS;;;;2;5;5;5;10;24;11;;;62
7124139 HOSPITAL VITAL;;;;;;;2;1;;1;;;4
6668143 HOSPITAL VITORIA;;;;1;6;7;17;21;13;13;;;78
3272591 HOSPITALIS;;;;;;;;;;1;;;1
2645157 HRL;;;;;;;;1;;;;;1
2672197 HRSAM HOSPITAL REGIONAL DE SAMAMBAIA - BRASILIA (DF);;;;;1;;;;;;;;1
3027805 HSANP HOSPITAL;;;;3;2;4;6;12;11;3;;;41
9392645 HUMANA MAGNA - SÇO PAULO (SP);;;;;;1;;;1;;;;2
2077590 IBCC;;;2;5;9;10;22;16;5;1;;;70
0019402 IMPERIAL HOSPITAL DE CARIDADE;;;;;;;;1;;;;;1
2288338 INI FIOCRUZ;;;;;;1;;;;;;;1
7261012 INNOVA HOSPITAIS ASSOCIADOS LTDA;;;;;;2;;;1;;;;3
7544529 INST DE INFECT EMILIO RIBAS II BAIXADA SANTISTA;;;;;1;;2;;;;;;3
2080125 INST DO CANCER ARNALDO VIEIRA DE CARVALHO;;;;1;8;10;19;13;4;2;;;57
2088495 INSTITUTO DANTE PAZZANESE DE CARDIOLOGIA IDPC SAO PAULO;;;;2;6;16;28;50;29;2;;;133
2028840 INSTITUTO DE INFECTOLOGIA EMILIO RIBAS SAO PAULO;;;4;6;15;31;52;36;13;1;;;158
2078066 INTERMEDICA HPS HOSPITAL PAULO SACRAMENTO;;;;;;1;1;;;;;;2
2084368 INTERMEDICA SISTEMA DE SAUDE;;1;;;2;3;2;2;3;;;;13
2040727 PA MUN DR ATUALPA GIRAO RABELO;;;;1;;5;7;3;1;;;;17
2075423 PA MUN SAO MATEUS II;;;;;;;1;;;;;;1
2599848 PRONCOR - CAMPO GRANDE (MS);;;;;;;1;;;;;;1
7931670 PRONTO ATENDIMENTO SANCTA MAGGIORE JARDIM PAULISTA;;;;;;1;;8;8;7;1;;25
9095195 PRONTO ATENDIMENTO SANCTA MAGGIORE MORUMBI;;;;;;;1;1;1;5;1;;9
9472908 PRONTO ATENDIMENTO SANCTA MAGGIORE SANTANA;;;;;;;1;12;9;10;1;;33
6654665 PRONTO ATENDIMENTO SANCTA MAGGIORE TATUAPE;;;;;;;2;2;1;1;;;6
2801051 PRONTO SOCORRO CENTRAL DE DIADEMA;;;1;;1;2;2;2;1;;;;9
0008087 PRONTO SOCORRO CONRADO CESARINO NUVOLINI;;;;;;;;1;1;;;;2
6754775 PRONTO SOCORRO DR EDISON DANIEL DOS SANTOS MANO - STA BARBARA D'OESTE (SP);;;;;;;;1;;;;;1
3828107 PRONTO SOCORRO DR OSMAR MESQUITA;;;;;;;1;1;;;;;2
5406390 PRONTO SOCORRO MUNICIPAL DE ITANHAEM;;;;;1;;;;;;;;1
2039001 PRONTO SOCORRO MUNICIPAL DE SUZANO;;;;;1;;;;;;;;1
3825752 PRONTO SOCORRO PESTANA P S ANDRE SACCO;;;;;;;;;1;1;;;2
2789353 PRONTO SOCORRO PROF DR MATHEUS SANTAMARIA GUARUJA;;;;;;1;;;;;;;1
2082209 PS E MATERNIDADE NAIR FONSECA LEITAO ARANTES;;;;;;2;;;;;;;2
5932696 PS FENELON GUEDES PEREIRA;;;;;;;;1;;;;;1
7682581 PS JOSE IBRAHIN;;;;1;1;1;1;;2;;;;6
2037971 PS MUN AUGUSTO GOMES DE MATOS;;;;;;;1;;;;;;1
4050320 PS MUN DR ALVARO DINO DE ALMEIDA;;;;3;5;8;9;10;3;;;;38
2027100 PS MUN DR CAETANO VIRGILIO NETTO;;;2;;7;3;17;18;19;8;;;74
2029189 PS MUN FREGUESIA DO O 21 DE JUNHO;;;2;1;6;14;13;20;17;7;;;80
2082837 PS MUN PROF JOAO CATARIN MEZOMO;;1;;1;1;1;2;4;10;5;;;25
2071495 PS MUN SANTANA LAURO RIBAS BRAGA;;;2;1;5;8;7;7;10;5;;;45
2075407 PS MUN V MARIA BAIXA;;;;1;3;3;5;9;6;1;;;28
2752093 PSM BALNEARIO SAO JOSE;;;;;1;1;;;1;;;;3
4050282 PSM DONA MARIA ANTONIETA FERREIRA DE BARROS;;;;3;3;5;10;17;6;2;1;;47
3566692 RESIDENCIAL ALBERT EINSTEIN;;;;;;;;;1;;;;1
2171945 SANTA CASA DE ALFENAS;;;;;;;1;;;;;;1
2791722 SANTA CASA DE JAU;;;;;;;;1;;;;;1
2083116 SANTA CASA DE MARILIA;;;;;;1;;;;;;;1
2751747 SANTA CASA DE MAUA;;;;;;;1;1;;;;;2
2688433 SANTA CASA DE MISERICORDIA DE BRAGANCA PAULISTA;;;;;;;1;;;;;;1
2798298 SANTA CASA DE MISERICORDIA DE SAO JOSE DO RIO PRETO;;;;;;;;;;1;;;1
2748029 SANTA CASA DE MISERICORDIA DE SAO JOSE DOS CAMPOS;;;;;;;1;;1;;;;2
2702193 SANTA CASA DE MISERICORDIA DE UBATUBA;;;;;;;;;1;;;;1
2084228 SANTA CASA DE MISERICORDIA DONA CAROLINA MALHEIROS SJBV - SAO JOAO DA BOA VISTA;;;;;;;;1;;;;;1
2129469 SANTA CASA DE POCOS DE CALDAS - POCOS DE CALDAS (MG);;;;;1;;;;;;;;1
2084414 SANTA CASA DE RIBEIRAO PRETO;;;;;;;;;1;;;;1
2083140 SANTA CASA DE SANTA ISABEL;;;;;;;;1;;;;;1
2080931 SANTA CASA DE SAO CARLOS;;;;;;;;;1;1;;;2
2688689 SANTA CASA DE SAO PAULO HOSPITAL CENTRAL SAO PAULO;2;4;12;28;48;72;132;122;66;11;1;1;499
2699915 SANTA CASA DE VINHEDO;;;;;;1;;;;;;;1
2081377 SANTA CASA DE VOTUPORANGA;;;;;;;;1;;;;;1
3824802 SAO LUIZ UNIDADE MORUMBI;;;;2;2;5;8;17;20;13;;;67
2786338 SECAO PRONTO SOCORRO DA ZONA NOROESTE SEPROS ZNO;;;;1;;;;;;;;;1
2077523 UNIDADE DE GESTAO ASSISTENCIAL II HOSPITAL IPIRANGA SP;2;;2;6;16;35;60;67;55;27;4;1;275
3474674 UNIDADE DE PRONTO ATENDIMENTO JARDIM ANGELA;;;;;;;1;;;;;;1
6008054 UNIDADE DE PRONTO ATENDIMENTO UNIDADE XVI UPA XVI - CONTAGEM (MG);;;;;;1;;;;;;;1
7094132 UNIDADE DE PRONTO ATENDIMENTO UPA I SANTA ISABEL;;;;;;;;;1;;;;1
2085976 UNIDADE MISTA DE SAUDE ROSA SANTA PASIN AGUIAR;;;;;;;;1;;;;;1
2785188 UNIDADE MISTA DE TABOAO DA SERRA;;;;;;;;;1;;;;1
0008494 UPA BANGU;;;;;;1;;;;;;;1
6535798 UPA DEMARCHI BATISTINI;;1;;;;;;2;;;;;3
7429991 UPA DR AKIRA TADA;;;1;;2;;1;3;3;;;;10
7792522 UPA EDEN SOROCABA;;;;;;;1;;;;;;1
9971513 UPA ERMELINO MATARAZZO;;1;;1;2;6;8;9;5;2;1;;35
9051422 UPA III 26 DE AGOSTO;;;;4;3;10;12;21;14;7;;1;72
7529368 UPA III DR ALAIR MAFRA ANAPOLIS GOIAS;;;;;;;;1;;;;;1
9211861 UPA III DR THELMO DE ALMEIDA CRUZ;;;;;;;1;;;;;;1
7479387 UPA III NOVA CAMPO LIMPO;1;1;5;11;21;41;78;76;66;17;;1;318
9997091 UPA JACANA;1;1;1;6;9;24;31;21;19;13;;;126
7152574 UPA JOSE CAMPOS BARRETO ZEQUINHA BARRETO;;;;;1;;1;1;;;;;3
2069032 UPA JULIO TUPY;;1;1;4;5;12;22;24;21;9;2;;101
7113218 UPA PERIMETRAL;;;;;;;;1;;1;;1;3
4050169 UPA PERUS DR LUIZ ANTONIO DE ABREU SAMPAIO DORIA;1;1;;2;4;10;17;17;17;7;;;76
6146341 UPA PIRITUBA;;1;2;5;13;18;44;44;44;12;;;183
6650864 UPA RIACHO GRANDE;;;;;1;1;;;;;;;2
7030878 UPA RUDGE RAMOS;;;;;;1;2;1;2;;;;6
7021461 UPA SACADURA CABRAL;;;;;;;;;1;;;;1
7494068 UPA SADAKO SEDOGUTI;;;;;;;;;1;;;;1
2752107 UPA SANTO AMARO DR JOSE SYLVIO DE CAMARGO;;;;;7;9;9;16;7;2;;;50
6916074 UPA SAO JOAO LAVRAS;;;;;;;;;1;;;;1
9736700 UPA TITO LOPES;;;;2;13;21;29;27;28;6;;1;127
7996802 UPA VICENTE MISSIANO;;;;;1;;1;;;1;;;3
7638698 UPA VILA SANTA CATARINA;;;;1;3;5;17;13;9;8;;;56
6919456 UPA ZAIRA;;;;;;;1;;;;;;1
